song_city,song_state,song_artist,song_name
New Mexico,New Mexico,Terry Allen,Billy the Boy
New Mexico,New Mexico,Johnny Cash,New Mexico
New Mexico,New Mexico,The Four Seasons,New Mexican Rose
New Mexico,New Mexico,David Mead,New Mexico
New Mexico,New Mexico,Logic,Thank You
New Mexico,New Mexico,Heather Nova,Out in New Mexico
New Mexico,New Mexico,Michael Martin Murphey,Land of Enchantment
New Mexico,New Mexico,Frank Zappa,The Jazz Discharge Party Hats
New Mexico,New Mexico,The Western Front,New Mexico
New Mexico,New Mexico,John Wiggins,New Mexico
New Mexico,New Mexico,Hank Snow,Patanio (The Pride of the Plains)
New Mexico,New Mexico,Ronnie Dunn,How Far to Waco
New Mexico,New Mexico,Chuck Berry,Route 66
New Mexico,New Mexico,Depeche Mode,Route 66
New Mexico,New Mexico,The Manhattan Transfer,Route 66
New Mexico,New Mexico,The Rolling Stones,Route 66
New Mexico,New Mexico,Rosemary Clooney,Route 66
New Mexico,New Mexico,Billy Joel,Worse Comes To Worst
New Mexico,New Mexico,Mel Tormé,Route 66
New Mexico,New Mexico,Perry Como,Route 66
New Mexico,New Mexico,John Mayer,Route 66
New Mexico,New Mexico,Jill Sobule,Somewhere in New Mexico
New Mexico,New Mexico,New Grass Revival,White Freight Liner Blues
New Mexico,New Mexico,"New Grass Revival, Sam Bush",White Freight Liner Blues
New Mexico,New Mexico,Asleep at the Wheel,Route 66
New Mexico,New Mexico,Asleep at the Wheel,(Get Your Kicks On) Route 66
New Mexico,New Mexico,Asleep at the Wheel,Route 66 (Get Your Kicks On)
New Mexico,New Mexico,New Grass Revival,White Freight Liner Blues [Live]
New Mexico,New Mexico,Asleep at the Wheel,Get Your Kicks on Route 66
New Mexico,New Mexico,Asleep at the Wheel,Route 66 [DVD; Live]
New Mexico,New Mexico,Bo Diddley,Route 66
New Mexico,New Mexico,Future,You Da Baddest
New Mexico,New Mexico,Glenn Frey,Route 66
New Mexico,New Mexico,Sturgill Simpson,Long White Line
New Mexico,New Mexico,Corb Lund,Goodbye Colorado
New Mexico,New Mexico,Asleep at the Wheel,Route 66 [Live]
New Mexico,New Mexico,Lyle Lovett,White Freightliner Blues
New Mexico,New Mexico,Hoyt Axton,Wild Bull Rider
New Mexico,New Mexico,Nanci Griffith,White Freight Liner [Previously Unreleased Track]
New Mexico,New Mexico,Asleep at the Wheel,(Get Your Kicks On) Route 66 [DVD]
New Mexico,New Mexico,The String Cheese Incident,White Freightliner Blues
New Mexico,New Mexico,Them,(Get Your Kicks On) Route 66
New Mexico,New Mexico,Cisco Houston,Buffalo Skinners
New Mexico,New Mexico,A Friend in London,Get Rich In Vegas
New Mexico,New Mexico,O.A.R.,About an Hour Ago
New Mexico,New Mexico,moe.,Lost Along the Way/Filler
New Mexico,New Mexico,Jerry Jeff Walker,Maybe Mexico
New Mexico,New Mexico,Vybz Kartel,Can't Say No
New Mexico,New Mexico,Hayce Lemsi,One-One
New Mexico,New Mexico,The Cramps,Route 66
New Mexico,New Mexico,Paul Simon,Hearts and Bones
New Mexico,New Mexico,Pedro the Lion,Arizona
New Mexico,New Mexico,Townes Van Zandt,Blue Ridge Mtns. (Smoky Version) [Sky Blue Version]
New Mexico,New Mexico,Phil Ochs,Bullets of Mexico
New Mexico,New Mexico,Ten Foot Pole,Officer I Swear She's 19
New Mexico,New Mexico,Woody Guthrie,Buffalo Skinners
New Mexico,New Mexico,Darrell Scott,Miracle of Living
New Mexico,New Mexico,Crooked I,So Many
New Mexico,New Mexico,Steve Earle,Mercenary Song
New Mexico,New Mexico,Marty Robbins,Feleena (From El Paso)
New Mexico,New Mexico,Master P,There Dey Go
New Mexico,New Mexico,Lil Wayne,Karate Chop [Remix]
New Mexico,New Mexico,Arlo Guthrie,Buffalo Skinners
New Mexico,New Mexico,Master P,How Ya Do Dat
New Mexico,New Mexico,Snoop Dogg,That's Tha Homie
New Mexico,New Mexico,Jerry Jeff Walker,That Old Beat Up Guitar
New Mexico,New Mexico,Brooks & Dunn,South of Santa Fe
New Mexico,New Mexico,Marty Robbins,El Paso
New Mexico,New Mexico,Woody Guthrie,The Great Dust Storm (Dust Storm Disaster)
New Mexico,New Mexico,Grateful Dead,El  Paso
New Mexico,New Mexico,Hank Snow,El Paso
New Mexico,New Mexico,Nat King Cole,(Get Your Kicks On) Route 66
New Mexico,New Mexico,Marty Robbins,El Paso City
New Mexico,New Mexico,Judy Garland,"On the Atchison, Topeka and the Santa Fe [Studio Excerpt Version]"
New Mexico,New Mexico,Woody Guthrie,Dust Storm Disaster
New Mexico,New Mexico,Nat King Cole,Route 66
New Mexico,New Mexico,"Nat King Cole, Great Vocalists",(Get Your Kicks On) Route 66
New Mexico,New Mexico,Guy Clark,Mercenary Song
New Mexico,New Mexico,Woody Guthrie,Billy the Kid
New Mexico,New Mexico,The Andrews Sisters,Route 66
New Mexico,New Mexico,Judy Garland,"On the Atchison, Topeka and the Santa Fe"
New Mexico,New Mexico,Bing Crosby,Route 66
New Mexico,New Mexico,Marty Robbins,Billy the Kid
New Mexico,New Mexico,Faron Young,Yellow Bandana
New Mexico,New Mexico,The Four Freshmen,Route 66
New Mexico,New Mexico,Bob Dylan,Let Me Die in My Footsteps [outtake]
New Mexico,New Mexico,Bing Crosby,(Get Your Kicks On) Route 66
New Mexico,New Mexico,Judy Garland,"On the Atchison, Topeka, & The Santa Fe"
New Mexico,New Mexico,Alison Krauss,Why Me
New Mexico,New Mexico,Bone Thugs-N-Harmony,Thug Mentality
New Mexico,New Mexico,Delbert McClinton,When Rita Leaves
New Mexico,New Mexico,Bruce Springsteen,Santa Ana
New Mexico,New Mexico,Mel Tormé,Route 66 [Live]
New Mexico,New Mexico,Al Jarreau,Route 66
New Mexico,New Mexico,"Sammy Davis, Jr.",Route 66
New Mexico,New Mexico,Jerry Jeff Walker,Northeast Texas Women
New Mexico,New Mexico,Willie Nelson,If I Were the Man You Wanted
New Mexico,New Mexico,Bruce Springsteen,The New Timer
New Mexico,New Mexico,Clint Black,The Goodnight-Loving
New Mexico,New Mexico,Bing Crosby,"On the Atchison, Topeka & The Santa Fe"
New Mexico,New Mexico,Ice Cube,I Rep That West
New Mexico,New Mexico,Natalie Cole,Route 66
New Mexico,New Mexico,Allan Sherman,Holiday for States
New Mexico,New Mexico,Nickelback,Kiss It Goodbye
New Mexico,New Mexico,Louis Jordan,Route 66
New Mexico,New Mexico,Marty Robbins,Faleena (from El Paso)
New Mexico,New Mexico,Betty Elders,Silver Wheels
New Mexico,New Mexico,Townes Van Zandt,White Freightliner Blues
New Mexico,New Mexico,Depeche Mode,Freelove [DJ Muggs Remix]
New Mexico,New Mexico,Joe Turner,Route 66
New Mexico,New Mexico,Mel Tormé,(Get Your Kicks On) Route 66
New Mexico,New Mexico,Judy Garland,"On the Atchison, Topeka and Santa Fe"
New Mexico,New Mexico,Future,Karate Chop
New Mexico,New Mexico,Riders in the Sky,White Freight Liner Blues
New Mexico,New Mexico,Louis Prima,Route 66
New Mexico,New Mexico,Pretenders,Tequila [Previously Unreleased Track; Demo Version]
New Mexico,New Mexico,Pretenders,Tequila
New Mexico,New Mexico,Pato Banton,Go Pato
New Mexico,New Mexico,Lucinda Williams,Maria
New Mexico,New Mexico,Nick Cave,Outlaw State of Mind
New Mexico,New Mexico,Charley Pride,Nothin' Left But Leavin'
New Mexico,New Mexico,Tony Bennett,Route 66
New Mexico,New Mexico,David Allan Coe,Laid Back and Wasted
New Mexico,New Mexico,Faith Assembly,Crash and Burn (Work in Progress)
New Mexico,New Mexico,David Allan Coe,Ride 'Em Cowboy
New Mexico,New Mexico,Allan Sherman,Shticks and Stones
New Mexico,New Mexico,Sheryl Crow,Crash and Burn
New Mexico,New Mexico,Counting Crows,Dislocation
New Mexico,New Mexico,Kacey Musgraves,Dime Store Cowgirl
New Mexico,New Mexico,Sheryl Crow,Crash and Burn [Single Version]
New Mexico,New Mexico,John Denver,El Paso
New Mexico,New Mexico,The Mills Brothers,El Paso
New Mexico,New Mexico,Mel Tormé,Get Your Kicks on Route 66 [Live]
New Mexico,New Mexico,Frank Sinatra,(Get Your Kicks On) Route 66
New Mexico,New Mexico,Killer Mike,EWW
New Mexico,New Mexico,The Roches,I'm Someone Who Loves You
New Mexico,New Mexico,Tom Russell,El Paso
New Mexico,New Mexico,Joe Ely,Me and Billy the Kid
New Mexico,New Mexico,Kevin Gates,POP STAR
New Mexico,New Mexico,Tyga,Low Key
New Mexico,New Mexico,Steve Earle,White Freightliner Blues
New Mexico,New Mexico,The Warren Brothers,Comeback
New Mexico,New Mexico,The Warren Brothers,Come Back
New Mexico,New Mexico,Lyle Lovett,If I Were the Man You Wanted
New Mexico,New Mexico,Nanci Griffith,If I Were the Woman You Wanted
New Mexico,New Mexico,Vampire Weekend,A-Punk
New Mexico,New Mexico,Joe Ely,Me and Billy the Kid [Live]
New Mexico,New Mexico,Montgomery Gentry,She Loved Me
New Mexico,New Mexico,Camper Van Beethoven,Peace & Love
New Mexico,New Mexico,Ry Cooder,Billy the Kid
New Mexico,New Mexico,Tom Lehrer,The Wild West is Where I Want to Be
New Mexico,New Mexico,Juice Newton,Ride Em Cowboy
New Mexico,New Mexico,The Libertines,Radio America
New Mexico,New Mexico,"Robert Earl Keen, Jr.",New Life in Old Mexico
New Mexico,New Mexico,The Brian Setzer Orchestra,Route 66
New Mexico,New Mexico,Coheed and Cambria,Hearshot Kid Disaster
New Mexico,New Mexico,C.W. McCall,Four Wheel Cowboy
New Mexico,New Mexico,Tori Amos,A Sorta Fairytale
New Mexico,New Mexico,Jim Ed Brown,El  Paso
New Mexico,New Mexico,Gretchen Wilson,What Happened
New Mexico,New Mexico,Gretchen Wilson,What Happened [DVD]
New Mexico,New Mexico,"Robert Earl Keen, Jr.",Oh Rosie
New Mexico,New Mexico,Carlene Carter,Bring Love
New Mexico,New Mexico,The Replacements,Route 66 [Bonus Track]
New Mexico,New Mexico,Iron & Wine,New Mexico's No Breeze
New Mexico,New Mexico,"Robert Earl Keen, Jr.",Lonely Feelin'
New Mexico,New Mexico,Modest Mouse,Ansel
New Mexico,New Mexico,Cam'ron,"Leave Me Alone, Pt. 2"
New Mexico,New Mexico,Don McLean,El Paso
New Mexico,New Mexico,Tom Rush,All a Man Can Do
New Mexico,New Mexico,The Dead Milkmen,Girl Hunt
New Mexico,New Mexico,Nanci Griffith,Two for the Road
New Mexico,New Mexico,Randy Newman,Spies
New Mexico,New Mexico,Pat Green,Me and Billy the Kid
New Mexico,New Mexico,Aaron Tippin,I Wonder How Far It Is over You
New Mexico,New Mexico,Dr. Feelgood,(Get Your Kicks On) Route 66
New Mexico,New Mexico,O.A.R.,The Wanderer
New Mexico,New Mexico,The Mountain Goats,Jeff Davis County Blues
New Mexico,New Mexico,Lyle Lovett,Girls from Texas
New Mexico,New Mexico,Animaniacs,Wakko's America
New Mexico,New Mexico,Zaytoven,Back On It
New Mexico,New Mexico,Tru,There Dey Go
New Mexico,New Mexico,Mr. Serv-On,Throw Ya City Up
New Mexico,New Mexico,69 Boyz,Woof Woof
New Mexico,New Mexico,Garth Brooks,Hooked on an 8 Second Ride
New Mexico,New Mexico,Old 97's,W. TX Teardrops
New Mexico,New Mexico,Old 97's,Streets of Where I'm From
New Mexico,New Mexico,Bobby Troup,Route 66
New Mexico,New Mexico,Smyth & Este,System Overload
New Mexico,New Mexico,The Dandy Warhols,The Legend of the Last of the Outlaw Truckers aka the Ballad of Sherif Shor
New Mexico,New Mexico,Okkervil River,Frontman In Heaven
New Mexico,New Mexico,Krayzie Bone,Thug Mentality
New Mexico,New Mexico,Nils Lofgren,New Holes in Old Shoes
New Mexico,New Mexico,Roy Drusky,El Paso
New Mexico,New Mexico,UFO,Borderline
New Mexico,New Mexico,(hed) p.e.,IFO
New Mexico,New Mexico,Paul Davis,Ride 'em Cowboy
New Mexico,New Mexico,Ultramagnetic MC's,"Two Brothers With Checks (San Francisco, Harvey)"
New Mexico,New Mexico,Tommy Bolin,Standing in the Rain
New Mexico,New Mexico,Ryan Bingham,Roadhouse Blues
New Mexico,New Mexico,Ryan Bingham,Nobody Knows My Trouble [Live]
New Mexico,New Mexico,Shadrow,Sky Blue
New Mexico,New Mexico,Kids Learning Tube ,50 States Of America
New Mexico,New Mexico,Tha Dogg Pound,Roll Wit Us
New Mexico,New Mexico,The Dead Milkmen,Six Days
New Mexico,New Mexico,Trisha Yearwood,O Mexico
New Mexico,New Mexico,Grant Lee Buffalo,Crashing at Corona
New Mexico,New Mexico,The Chris Robinson Brotherhood,Sunday Sound
New Mexico,New Mexico,Edie Brickell,What Would You Do
New Mexico,New Mexico,Urge Overkill,Last Train to Heaven
New Mexico,New Mexico,Chris LeDoux,Ballad of Will Rogers
New Mexico,New Mexico,Bowling for Soup,Kevin Weaver
New Mexico,New Mexico,David Ball,When I Get Lonely
New Mexico,New Mexico,Martin Sexton,The American
New Mexico,New Mexico,BE,Radio
New Mexico,New Mexico,Robert Hunter,Cruel White Water
New Mexico,New Mexico,Alaska Gold Rush,No Time
New Mexico,New Mexico,James Reeder,It's Not the Way
New Mexico,New Mexico,Ryan Bingham,Nobody Knows My Trouble
New Mexico,New Mexico,Dan Bern,Turning Over
New Mexico,New Mexico,The Rainmakers,A Million Miles Away
New Mexico,New Mexico,Renald Francoeur,Tour The States
New Mexico,New Mexico,Elvis Presley,Hard Knocks
New Mexico,New Mexico,"Brian Berdan, Robert Downey, Jr.",Route 666
New Mexico,New Mexico,Lake,On the Run
New Mexico,New Mexico,The Format,Oceans
New Mexico,New Mexico,Heather Myles,Indigo Moon
New Mexico,New Mexico,Deadman,The Pale Rider
New Mexico,New Mexico,Charming Hostess,Open Dialogue
New Mexico,New Mexico,Cowboy Mouth,Man on the Run
New Mexico,New Mexico,Gathering Field,Blue Sky Song
New Mexico,New Mexico,Steve Earle & the Dukes,Goodbye Michelangelo
New Mexico,New Mexico,Cross Canadian Ragweed,Lonely Feeling
New Mexico,New Mexico,Lu,María
New Mexico,New Mexico,Daphne Loves Derby,Hello Color Red
New Mexico,New Mexico,The Bouncing Souls,In Sleep
New Mexico,New Mexico,Hurray for the Riff Raff,Forever Is Just a Day
New Mexico,New Mexico,Gogol Bordello,Punk Rock Parranda
New Mexico,New Mexico,Bobby Troup,(Get Your Kicks On) Route 66
New Mexico,New Mexico,Aaron Watson,Going to Texas
New Mexico,New Mexico,Bill Miller,Trail of Freedom
New Mexico,New Mexico,Brenn Hill,Wyoming Wind
New Mexico,New Mexico,Royal Trux,You'll Be Staying in Room 323
New Mexico,New Mexico,Bad Books,"Mesa, AZ"
New Mexico,New Mexico,Alastair Moock,Let Me Die in My Footsteps
New Mexico,New Mexico,Augustana,California's Burning
New Mexico,New Mexico,Bilderbuch,OM
New Mexico,New Mexico,"CyHi The Prynce, Mickey Factz, eLZhi",Hayworth
New Mexico,New Mexico,Frank Fara,That Number's Been Changed
New Mexico,New Mexico,The Cinematics,New Mexico
New Mexico,New Mexico,Lucero,Better Than This
New Mexico,New Mexico,Elan,They Came from the City
New Mexico,New Mexico,Marcel,Annie Devine
New Mexico,New Mexico,Virginia O'Brien,"On the Atchison, Topeka and the Santa Fe [From The Harvey Girls]"
New Mexico,New Mexico,Mando Diao,Mexican Hardcore
New Mexico,New Mexico,The Arrogant Worms,The Last Saskatchewan Pirate
New Mexico,New Mexico,Marc Jordan,Blue As a Gun Called Love
New Mexico,New Mexico,"Dom Kennedy, Niko G4",U Got It Like That
New Mexico,New Mexico,Willy Northpole,Fiendin'
New Mexico,New Mexico,Selton,Lunedì
New Mexico,New Mexico,The HAARP Machine,Lower The Populace
New Mexico,New Mexico,Irene Kelley,O Mexico
New Mexico,New Mexico,Christine McVie,Bad Journey
New Mexico,New Mexico,"DJ Vice, Mike Taylor",The World Is Our Playground
New Mexico,New Mexico,Sharla Jackson Band,O Mexico
New Mexico,New Mexico,Charlie Daniels,Billy the Kid
New Mexico,New Mexico,Johnny Cash,After Taxes
New Mexico,New Mexico,Lil Wayne,Streets Is Watchin'
New Mexico,New Mexico,Townes Van Zandt,Blue Ridge Mountains
New Mexico,New Mexico,Dos y Medio,El Tren
New Mexico,New Mexico,Brand Nubian,Keep It Bubblin'
New Mexico,New Mexico,Concrete Blonde,100 Games of Solitaire [Previously Unreleased Track]
New Mexico,New Mexico,Concrete Blonde,Another Hundred Years of Solutude
New Mexico,New Mexico,Dodgy,Water Under the Bridge
New Mexico,New Mexico,Scarlet Pleasure,24/7
New Mexico,New Mexico,Mercury Mouth,Regina
New Mexico,New Mexico,Three 6 Mafia,Try Somethin
New Mexico,New Mexico,Chris LeDoux,Billy the Kid
New Mexico,New Mexico,Samael,On Earth
New Mexico,New Mexico,Jim's Big Ego,Love What's Gone
New Mexico,New Mexico,Lonnie Donegan,The Battle of New Orleans
New Mexico,New Mexico,Alan Jackson,"Mexico, Tequila and Me"
New Mexico,New Mexico,Steve Forbert,Mexico
New Mexico,New Mexico,Tammin,Around the World
New Mexico,New Mexico,Tyrone Wells,Run Away with Me
New Mexico,New Mexico,The Okee Dokee Brothers,Mr. & Mrs. Sippy
New Mexico,New Mexico,George Strait,The Seashores of Old Mexico
New Mexico,New Mexico,"Travis Scott, Wale",Quintana
New Mexico,New Mexico,Johnny Horton,The Battle Of New Orleans
New Mexico,New Mexico,Merle Haggard,Seashores of Old Mexico
New Mexico,New Mexico,Eddy Arnold,The Battle of New Orleans
New Mexico,New Mexico,Dinah Shore,The Battle of New Orleans
New Mexico,New Mexico,C.W. McCall,The Battle of New Orleans
New Mexico,New Mexico,Freddie Gibbs,Mexico
New Mexico,New Mexico,Ray Stevens,The Battle of New Orleans
New Mexico,New Mexico,"Berner, Jon Z, Alemán",Mi Novia
New Mexico,New Mexico,Vaughn Monroe,Battle of New Orleans [Bonus Track]
New Mexico,New Mexico,Sheryl Crow,Easy
New Mexico,New Mexico,The Nitty Gritty Dirt Band,The Battle of New Orleans
New Mexico,New Mexico,George Strait,Código
New Mexico,New Mexico,Boxcar Willie,The Battle of New Orleans
New Mexico,New Mexico,Migos,Chirpin
New Mexico,New Mexico,Bob Dylan,Caribbean Wind
New Mexico,New Mexico,Franz Ferdinand,New Kind of Thrill
New Mexico,New Mexico,Kodak Black,There He Go
New Mexico,New Mexico,Enrique Iglesias,Roamer
New Mexico,New Mexico,Crystal Gayle,This Is My Year for Mexico
New Mexico,New Mexico,Kix Brooks,Next to That Woman
New Mexico,New Mexico,George Canyon,The Battle of New Orleans
New Mexico,New Mexico,Son Volt,The Symbol
New Mexico,New Mexico,Marty Robbins,Running Gun
New Mexico,New Mexico,Merle Haggard,Running Gun
New Mexico,New Mexico,Sonny Boy Williamson I,Project Highway
New Mexico,New Mexico,Paul Anka,Love (Makes the World Go Round)
New Mexico,New Mexico,Daniel Capellaro,Mexico
New Mexico,New Mexico,Ryan Adams,"New York, New York"
New Mexico,New Mexico,Peter von Poehl,MEXICO
New Mexico,New Mexico,Paul Anka,L.O.V.E.
New Mexico,New Mexico,Justin Nozuka,Criminal
New Mexico,New Mexico,Waylon Jennings,Ain't No God in Mexico
New Mexico,New Mexico,Simon & Garfunkel,The Only Living Boy in New York
New Mexico,New Mexico,Blake Shelton,Sunny in Seattle
New Mexico,New Mexico,Alabama,Start Living
New Mexico,New Mexico,Jackson Browne,Going Down to Cuba
New Mexico,New Mexico,Counting Crows,Holiday in Spain
New Mexico,New Mexico,"Future, Uncle Murda",Right Now
New Mexico,New Mexico,Counting Crows,Holiday in Spain/Big Yellow Taxi
New Mexico,New Mexico,Gunna,Space Cadet
New Mexico,New Mexico,Chely Wright,Mexico
New Mexico,New Mexico,Elephant Man,Mexican Girl
New Mexico,New Mexico,Future,Gangland
New Mexico,New Mexico,The Nitty Gritty Dirt Band,Joe Knows How to Live
New Mexico,New Mexico,Billy Joe Shaver,Ain't No God in Mexico
New Mexico,New Mexico,Blue Öyster Cult,Magna of Illusion
New Mexico,New Mexico,Hoyt Axton,The Battle of New Orleans
New Mexico,New Mexico,Rodney Redman,Livin' in Black and White
New Mexico,New Mexico,Ian Matthews,Shake It
New Mexico,New Mexico,Steve Earle & the Dukes,Ain't No God In Mexico
New Mexico,New Mexico,Tee Grizzley,Country
New Mexico,New Mexico,Nanci Griffith,Across America
New Mexico,New Mexico,Mac Miller,Get Em Up
New Mexico,New Mexico,P.O.D.,Boom
New Mexico,New Mexico,Train,If You Leave
New Mexico,New Mexico,Future,Karate Chop [Remix]
New Mexico,New Mexico,RuPaul,Queens Everywhere
New Mexico,New Mexico,Tomcat,Crazy
New Mexico,New Mexico,The Refreshments,Wanted
New Mexico,New Mexico,Leon Russell,The Battle of New Orleans
New Mexico,New Mexico,Ani DiFranco,Every State Line
New Mexico,New Mexico,Future,Poppin' Tags
New Mexico,New Mexico,Rage Against the Machine,Wind Below
New Mexico,New Mexico,Future,My Ho 2
New Mexico,New Mexico,Lil Wayne,Karate Chop
New Mexico,New Mexico,Steven Curtis Chapman,Burn the Ships
New Mexico,New Mexico,Conor Oberst,"NYC -- Gone, Gone"
New Mexico,New Mexico,Everything But the Girl,The Only Living Boy in New York
New Mexico,New Mexico,Snoop Dogg,Remedy
New Mexico,New Mexico,G. Love & Special Sauce,"Yeah, It's That Easy"
New Mexico,New Mexico,Too Short,The Old Fashioned Way
New Mexico,New Mexico,Future,Maison Margiela
New Mexico,New Mexico,The Judds,Mr. Pain
New Mexico,New Mexico,Jimmy Sommers,This Old Man
New Mexico,New Mexico,Akhenaton,Oriundi
New Mexico,New Mexico,Willie Nelson,Texas on a Saturday Night
New Mexico,New Mexico,P.O.D.,Boom [The Crystal Method Remix]
New Mexico,New Mexico,Backstreet Boys,No Place
New Mexico,New Mexico,Future,Showed Up
New Mexico,New Mexico,Missy Elliott,I'm Better
New Mexico,New Mexico,Future,WIFI LIT
New Mexico,New Mexico,The Nitty Gritty Dirt Band,"Rent, Groceries, and Gasoline"
New Mexico,New Mexico,"Hank Williams, Jr.",Who's Taking Care of Number One
New Mexico,New Mexico,J Balvin,RITMO (Bad Boys For Life)
New Mexico,New Mexico,Acid Bath,Dead Girl
New Mexico,New Mexico,The Crystal Method,Boom [The Crystal Method Remix]
New Mexico,New Mexico,Fleetwood Mac,Bermuda Triangle
New Mexico,New Mexico,Geto Boys,I Don't F* With You
New Mexico,New Mexico,Nas,War Against Love
New Mexico,New Mexico,Rakim,It's a Must
New Mexico,New Mexico,P.O.D.,Boom [DVD]
New Mexico,New Mexico,Joe Ely,Down on the Drag
New Mexico,New Mexico,"Black Eyed Peas, Steve Aoki, J Balvin",RITMO [Remix]
New Mexico,New Mexico,Common,Pops Rap III...All My Children
New Mexico,New Mexico,Rampage,Woo Hah!! Got You All in Check
New Mexico,New Mexico,Courtney Kenny,I Like America
New Mexico,New Mexico,Common,Pop's Rap
New Mexico,New Mexico,David Allan Coe,Mississippi River Queen
New Mexico,New Mexico,The Killers,The Ballad of Michael Valentine
New Mexico,New Mexico,Manic Hispanic,Welcome to Paramount
New Mexico,New Mexico,旅行团,回到巴巴拉拉的城堡
New Mexico,New Mexico,Bob Birthisel,Leave Ohio Behind
New Mexico,New Mexico,Michael Averill and PK Tessmann,Water Your Own
New Mexico,New Mexico,Shenandoah,Puttin' New Roots Down
New Mexico,New Mexico,Fat Joe,Does Anybody Know
New Mexico,New Mexico,Hank Snow,The Rhumba Boogie
New Mexico,New Mexico,Future,Real Sisters
New Mexico,New Mexico,Charlie Daniels,The Pope and the Dope
New Mexico,New Mexico,Bob Dylan,"Lily, Rosemary and the Jack of Hearts"
New Mexico,New Mexico,Jimmie Rodgers,The Rhumba Boogie
New Mexico,New Mexico,Future,Rotation
New Mexico,New Mexico,Bob Marley,Gonna Get You
New Mexico,New Mexico,Joan Baez,"Lily, Rosemary and the Jack of Hearts"
New Mexico,New Mexico,Bob Dylan,Brownsville Girl
New Mexico,New Mexico,Jimmy Buffett,Volcano
New Mexico,New Mexico,Doris Day,I'm a Big Girl Now
New Mexico,New Mexico,Leadbelly,Midnight Special
New Mexico,New Mexico,Jimmy Buffett & the Coral Reefer Band,Volcano [Live]
New Mexico,New Mexico,Hank Snow,Rhumba Boogie
New Mexico,New Mexico,Gucci Mane,Jumped Out The Whip
New Mexico,New Mexico,Gucci Mane,Bucking The System
New Mexico,New Mexico,Willard Grant Conspiracy,Christmas in Nevada
New Mexico,New Mexico,Sharon Shannon,Mexico
New Mexico,New Mexico,Tori Amos,China
New Mexico,New Mexico,Barrington Levy,Top of the World
New Mexico,New Mexico,Cher,Carousel Man
New Mexico,New Mexico,Trina,Sex In Crazy Places
New Mexico,New Mexico,Trina,Sex in Crazy Places
New Mexico,New Mexico,Future,Look Ahead
New Mexico,New Mexico,Red Hot Chili Peppers,We Turn Red
New Mexico,New Mexico,Kenny Chesney,Here and Now
New Mexico,New Mexico,Bob Dylan,Key West (Philosopher Pirate)
New Mexico,New Mexico,Bløf,Holiday in Spain
New Mexico,New Mexico,Rodney Crowell,The Rose of Memphis
New Mexico,New Mexico,The Game,Spanglish [Bonus Track]
New Mexico,New Mexico,Otis Redding,Otis
New Mexico,New Mexico,Yo Gotti,Harder
New Mexico,New Mexico,Nas,Nas Album Done
New Mexico,New Mexico,Phineas and Ferb,We Wish You a Merry Christmas
New Mexico,New Mexico,They Might Be Giants,Where Do They Make Balloons?
New Mexico,New Mexico,Don McLean,Prime Time
New Mexico,New Mexico,Randy Newman,My Life Is Good
New Mexico,New Mexico,Ani DiFranco,Cradle and All
New Mexico,New Mexico,Ani DiFranco,Cradle & All
New Mexico,New Mexico,Ben Nichols,Chambers
New Mexico,New Mexico,Bandolero,Paris Latino
New Mexico,New Mexico,Proyecto Uno,Latinos
New Mexico,New Mexico,Jacob Banks,Mexico
New Mexico,New Mexico,Elton John,Understanding Women
New Mexico,New Mexico,Katy Perry,International Smile
New Mexico,New Mexico,Migos,Antidote
New Mexico,New Mexico,Yo Gotti,I Remember
New Mexico,New Mexico,Drake,Pain 1993
New Mexico,New Mexico,Willie Nelson,Nobody's Listening
New Mexico,New Mexico,James Brown,Goliath
New Mexico,New Mexico,Sara Bareilles,Vegas
New Mexico,New Mexico,Stereo MC's,Explotar
New Mexico,New Mexico,The Notorious B.I.G.,Hustler's Story
New Mexico,New Mexico,"Usher, Future",Stay At Home
New Mexico,New Mexico,Airbourne,White Line Fever
New Mexico,New Mexico,Mississippi Fred McDowell,61 Highway
New Mexico,New Mexico,Lil Baby,No Friends
New Mexico,New Mexico,Mel Tillis,Texas on a Saturday Night
New Mexico,New Mexico,Barrington Levy,Top of the World [Saukretes Rmx]
New Mexico,New Mexico,Migos,Antidope
New Mexico,New Mexico,Big Sean,4th Quarter
New Mexico,New Mexico,Metallica,Seek & Destroy
New Mexico,New Mexico,"Trey Songz, Drake",Underdog
New Mexico,New Mexico,"Future, Lil Gotit",Yeah Yeah
New Mexico,New Mexico,The Tragically Hip,The Depression Suite
New Mexico,New Mexico,Bayside,"Maybe, Tennessee"
New Mexico,New Mexico,David Mead,Only Living Boy in New York
New Mexico,New Mexico,Kool Keith,I Wanna Play
New Mexico,New Mexico,Eurythmics,Let's Go!
New Mexico,New Mexico,Eurythmics,Let's Go
New Mexico,New Mexico,Jeff Beck,Come Dancing
New Mexico,New Mexico,Train,Save the Day
New Mexico,New Mexico,Joni Mitchell,Goodbye Pork Pie Hat
New Mexico,New Mexico,The Limeliters,Proshchai
New Mexico,New Mexico,Fugees,Hip-Hopera
New Mexico,New Mexico,Ernie Watts,Goodbye Pork Pie Hat
New Mexico,New Mexico,Ian & Sylvia,Short Grass
New Mexico,New Mexico,Trout Fishing in America,Lost in Her Lips
New Mexico,New Mexico,Carly Simon,Safe and Sound
New Mexico,New Mexico,Yo Gotti,Hunnid
New Mexico,New Mexico,Mac Miller,All Around the World
New Mexico,New Mexico,Young Thug,Mannequin Challenge
New Mexico,New Mexico,Lil Uzi Vert,Baby Are You Home
New Mexico,New Mexico,Raekwon,Brown Paper Bag Thoughts
New Mexico,New Mexico,Gucci Mane,Big Guwap
New Mexico,New Mexico,Lecrae,Blessings
New Mexico,New Mexico,Migos,Ain't Mine
New Mexico,New Mexico,Ice Cube,Arrest The President
New Mexico,New Mexico,Tom Russell,"Lily, Rosemary, and the Jack of Hearts"
New Mexico,New Mexico,Sheryl Crow,Best of Times
New Mexico,New Mexico,Uncle Murda,Rap Up 2019
New Mexico,New Mexico,Vincent Poag,New Orleans
New Mexico,New Mexico,Morcheeba,Blood Like Lemonade
New Mexico,New Mexico,Baby Bash,On Tha Curb
New Mexico,New Mexico,Foxy Brown,Hardcore
New Mexico,New Mexico,Geto Boys,What?
New Mexico,New Mexico,NLE Choppa,Shotta Flow
New Mexico,New Mexico,Tom T. Hall,Spokane Motel Blues
New Mexico,New Mexico,YoungBoy Never Broke Again,Ranada
New Mexico,New Mexico,Steve Earle,Copperhead Road
New Mexico,New Mexico,Midnight Oil,Short Memory
New Mexico,New Mexico,Sammy Kaye,I'm a Big Girl Now
New Mexico,New Mexico,Manic Street Preachers,Ifwhiteamericatoldthetruthforonedayitsworldwouldfallapart
New Mexico,New Mexico,Little Feat,Six Feet of Snow
New Mexico,New Mexico,The Wallflowers,God Don't Make Lonely Girls
New Mexico,New Mexico,Eddy Raven,Joe Knows How to Live
New Mexico,New Mexico,South Park Mexican,Dallas to Houston
New Mexico,New Mexico,Dilated Peoples,Rapid Transit
New Mexico,New Mexico,Phosphorescent,The Mermaid Parade
New Mexico,New Mexico,Tracy Byrd,Take Me with You When You Go
New Mexico,New Mexico,Kip Moore,She's Mine
New Mexico,New Mexico,Luke Combs,Refrigerator Door
New Mexico,New Mexico,Young Buck,Danger
New Mexico,New Mexico,Steve Earle,Rich Man's War
New Mexico,New Mexico,Ramones,Touring
New Mexico,New Mexico,Jason Mraz,Coyotes
New Mexico,New Mexico,"Blu, Oh No",The Lost Angels Anthem
New Mexico,New Mexico,Animaniacs,Yakko's World
New Mexico,New Mexico,Jason Mraz,Coyotes [Live]
New Mexico,New Mexico,Fergie,L.A. Love (La La)
New Mexico,New Mexico,Fergie,L.A. Love (La La) [Remix]
New Mexico,New Mexico,Jim Carroll,Low Rider
New Mexico,New Mexico,The Coup,5 Million Ways to Kill a C.E.O.
New Mexico,New Mexico,Kevin Burke,The Holy Ground
New Mexico,New Mexico,Raekwon,It's Not a Game
New Mexico,New Mexico,Tory Lanez,DopeMan Go
New Mexico,New Mexico,Kevin Gates,Double Dutch
New Mexico,New Mexico,Kevin Gates,No More
New Mexico,New Mexico,Better Than Ezra,A Southern Thing
New Mexico,New Mexico,Karrin Allyson,Goodbye Pork Pie Hat
New Mexico,New Mexico,Skid Row,Livin' on a Chain Gang
New Mexico,New Mexico,KRS-One,The Movement
New Mexico,New Mexico,Emeli Sandé,Kung Fu
New Mexico,New Mexico,Black Rob,You Don't Know Me
New Mexico,New Mexico,Chris Cagle,When I Get There
New Mexico,New Mexico,S.P.M.,Dallas to Houston
New Mexico,New Mexico,Paper Tongues,Rich and Poor
New Mexico,New Mexico,Neal McCoy,Head South
New Mexico,New Mexico,Bon Iver,Friends
New Mexico,New Mexico,"Denzel Curry, Charlie Heat",ALOHA
New Mexico,New Mexico,A.L.V.I.N,Facade
New Mexico,New Mexico,Johnny Tra$h,Cigarillo by Morning
New Mexico,New Mexico,Felt,Whirlpool Vision of Shame
New Mexico,New Mexico,Fine Art,TKO
New Mexico,New Mexico,Jesse Malin,TKO
New Mexico,New Mexico,Sunz of Man,For the Lust of Money/The Grandz
New Mexico,New Mexico,Russ,Don't Worry
New Mexico,New Mexico,Del Amitri,So Many Souls to Change
New Mexico,New Mexico,Jason Falkner,Folk Singer
New Mexico,New Mexico,The Browns,The Rhumba Boogie
New Mexico,New Mexico,Sam the Sham & the Pharaohs,Ring Dang Doo
New Mexico,New Mexico,General Public,Burning Bright
New Mexico,New Mexico,Thomas Dolby,I Love You Goodbye
New Mexico,New Mexico,Daniel Lanois,Shine
New Mexico,New Mexico,Trick Daddy,Pimp
New Mexico,New Mexico,Bun B,Taco Shop
New Mexico,New Mexico,DJ Spinna,Life Is Just a Passing Parade
New Mexico,New Mexico,(hed) p.e.,Other Side
New Mexico,New Mexico,Felt,My Face Is on Fire
New Mexico,New Mexico,Wall of Voodoo,Big City
New Mexico,New Mexico,Yukmouth,Secret Indictment
New Mexico,New Mexico,Radio Project,Celebration (Lève Ton Verre)
New Mexico,New Mexico,Concrete Blonde,Close to Home
New Mexico,New Mexico,DevilDriver,Copperhead Road
New Mexico,New Mexico,Styles P,Morning Mourning
New Mexico,New Mexico,Shawn Mullins,Ruth & Mary
New Mexico,New Mexico,South Park Mexican,Valley
New Mexico,New Mexico,Xzibit,Bird's Eye View
New Mexico,New Mexico,Carlos Santana,Life Is Just a Passing Parade
New Mexico,New Mexico,Lil' Keke,Birds Fly South
New Mexico,New Mexico,Die Toten Hosen,Disneyland (Stays the Same)
New Mexico,New Mexico,George Baker,I'm on My Way
New Mexico,New Mexico,Cody Simpson,Surfboard
New Mexico,New Mexico,Ace Hood,4 A Minute
New Mexico,New Mexico,The Diplomats,Sauce Boyz
New Mexico,New Mexico,"Famous Dex, Fat Nick",PocketRocket
New Mexico,New Mexico,Joey Jones,Borders
New Mexico,New Mexico,Ed Patrick,Mexico
New Mexico,New Mexico,3sixt,Campkillyourself
New Mexico,New Mexico,Midnight Colors,CHARLIE
New Mexico,New Mexico,Pharoahe Monch,Yayo
New Mexico,New Mexico,Arcángel,"Maliantes, mujeres, calles, pistolas"
New Mexico,New Mexico,Preacher Man,La Vida (feat. Daniel el Killah)
New Mexico,New Mexico,Australian Crawl,Errol
New Mexico,New Mexico,Youth Brigade,Sink With California
New Mexico,New Mexico,Masters of Illusion,Time 2 Get Right
New Mexico,New Mexico,Pigeon John,Hello Everybody
New Mexico,New Mexico,Darrell Scott,Head South
New Mexico,New Mexico,Sunz of Man,Flaming Swords
New Mexico,New Mexico,The Rakes,Terror!
New Mexico,New Mexico,Kevin Spacey,Fabulous Places
New Mexico,New Mexico,NLE Choppa,Blocc Is Hot
New Mexico,New Mexico,Jenn Grant,Trailer Park
New Mexico,New Mexico,Joseph Arthur,Speed of Light
New Mexico,New Mexico,Lil' Keke,Dirty
New Mexico,New Mexico,Unlinked Artist,Volcano
New Mexico,New Mexico,Jennifer Kimball,(This Is) My New Vow
New Mexico,New Mexico,Dawn Robinson,Get Up Again
New Mexico,New Mexico,Young Bleed,Da Last Outlaw
New Mexico,New Mexico,Short Stack,Are You Afraid Of The Dark
New Mexico,New Mexico,Parachute,Lonely With Me
New Mexico,New Mexico,Transmatic,The Problem
New Mexico,New Mexico,The Zutons,Rumblin' Ramblin'
New Mexico,New Mexico,"Médine, Disiz la peste, Lino, Sam's, Youssoupha, Alonzo",Points communs
New Mexico,New Mexico,"K.K., Sanjay Mishra, Dr. Sagar, Remo Fernandes, Anwesha Sarkar, Others",Luv U Soniyo Mashup
New Mexico,New Mexico,Snow tha Product,How I Do It
New Mexico,New Mexico,"Anonimus, Químico Ultra Mega, Marconi Impara, Kris R, Neo Pistea, Brray, Pablo Chill-E, Pekeño 77, Julianno Sosa",CARAS VEMOS [Remix]
New Mexico,New Mexico,Fat Nick,WTF
New Mexico,New Mexico,"Hoodrich Pablo Juan, Smooky MarGielaa",Can't Fall n Luv
New Mexico,New Mexico,Beelow,Da Heist
New Mexico,New Mexico,David LaMotte,Chances
New Mexico,New Mexico,Weerd Science,How to Be A...
New Mexico,New Mexico,Tom Faulkner,Chulatown
New Mexico,New Mexico,Henry Kapono,Volcano
New Mexico,New Mexico,Haystak,Titanic
New Mexico,New Mexico,Ben Nichols,The Kid
New Mexico,New Mexico,Maggie Walters,Flash
New Mexico,New Mexico,Krizz Kaliko,Get Throw'd
New Mexico,New Mexico,BattleBoi Basti,Da dopest Odd
New Mexico,New Mexico,"TLF, Essely K.nibal, Fleo Gaing",Sur mesure
New Mexico,New Mexico,Mai Lan,COUNTRILLE
Albuquerque,New Mexico,Weird Al Yankovic,Albuquerque
Albuquerque,New Mexico,Prefab Sprout,The King of Rock 'N' Roll
Albuquerque,New Mexico,Prefab Sprout,The King of Rock 'N' roll
Albuquerque,New Mexico,Neil Young,Albuquerque
Albuquerque,New Mexico,The Partridge Family,Point Me in the Direction of Albuquerque
Albuquerque,New Mexico,Grant Lee Buffalo,Crashing at Corona
Albuquerque,New Mexico,Easton Corbin,Tulsa Texas
Albuquerque,New Mexico,Saturday Night Riot,I Like (What I Like)
Albuquerque,New Mexico,Sons of the Desert,Albuquerque
Albuquerque,New Mexico,Ronnie Dunn,How Far to Waco
Albuquerque,New Mexico,Elvis Presley,Promised Land
Albuquerque,New Mexico,Tim McGraw,Everywhere
Albuquerque,New Mexico,Buck Owens,Hello California
Albuquerque,New Mexico,Randy Travis,Running Blind
Albuquerque,New Mexico,America,Wheels Are Turning
Albuquerque,New Mexico,Sturgill Simpson,Long White Line
Albuquerque,New Mexico,Frank Zappa,The Jazz Discharge Party Hats
Albuquerque,New Mexico,SHeDAISY,23 Days
Albuquerque,New Mexico,Sister Hazel,Space Between Us
Albuquerque,New Mexico,Nikola Nežit,Molt
Albuquerque,New Mexico,Glen Campbell,By the Time I Get to Phoenix
Albuquerque,New Mexico,Woody Guthrie,The Great Dust Storm (Dust Storm Disaster)
Albuquerque,New Mexico,Chuck Berry,Promised Land
Albuquerque,New Mexico,Johnny Cash,Wanted Man
Albuquerque,New Mexico,The Yardbirds,The Train Kept A Rollin'
Albuquerque,New Mexico,The Yardbirds,The Train Kept A-Rollin'
Albuquerque,New Mexico,Ice Cube,Doing Dumb Shit
Albuquerque,New Mexico,Ice Cube,You Can't Fade Me/JD's Gaffilin'
Albuquerque,New Mexico,Johnny Horton,The Electrified Donkey
Albuquerque,New Mexico,Dean Martin,By the Time I Get to Phoenix
Albuquerque,New Mexico,Elvis Presley,My Heart Cries for You [Alternate Take]
Albuquerque,New Mexico,Isaac Hayes,By the Time I Get to Phoenix
Albuquerque,New Mexico,Harry Belafonte,Venezuela [Bonus Track]
Albuquerque,New Mexico,Ella Fitzgerald,The Lady Is a Tramp
Albuquerque,New Mexico,Harry Belafonte,By the Time I Get to Phoenix
Albuquerque,New Mexico,Frank Sinatra,The Lady Is a Tramp
Albuquerque,New Mexico,Woody Guthrie,Dust Storm Disaster
Albuquerque,New Mexico,Ice Cube,You Can't Fade Me
Albuquerque,New Mexico,Ella Fitzgerald,The Lady Is a Tramp [Live]
Albuquerque,New Mexico,Louis Jordan,But I'll Be Back
Albuquerque,New Mexico,Rosemary Clooney,The Lady Is a Tramp
Albuquerque,New Mexico,Aerosmith,The Train Kept A Rollin'
Albuquerque,New Mexico,Louis Armstrong,La Cucaracha
Albuquerque,New Mexico,Grateful Dead,The Promised Land
Albuquerque,New Mexico,Reba McEntire,By the Time I Get to Phoenix
Albuquerque,New Mexico,Johnny Cash,Wanted Man [Live]
Albuquerque,New Mexico,Tom Jones,The Young New Mexican Puppeteer
Albuquerque,New Mexico,Meat Loaf,The Promised Land
Albuquerque,New Mexico,Toby Keith,Blue Bedroom
Albuquerque,New Mexico,Perry Como,Route 66
Albuquerque,New Mexico,Charlie Daniels,Let Freedom Ring
Albuquerque,New Mexico,Jay-Z,Bring 'Em Out
Albuquerque,New Mexico,Snoop Dogg,That's Tha Homie
Albuquerque,New Mexico,Peggy Lee,By the Time I Get to Phoenix
Albuquerque,New Mexico,Jeff Beck,The Train Kept a Rollin'
Albuquerque,New Mexico,Peggy Lee,The Lady Is a Tramp
Albuquerque,New Mexico,Bill Haley,Promised Land
Albuquerque,New Mexico,Logic,Thank You
Albuquerque,New Mexico,James Taylor,The Promised Land
Albuquerque,New Mexico,Eric Clapton,The Train Kept A Rollin'
Albuquerque,New Mexico,Vic Damone,By the Time I Get to Phoenix
Albuquerque,New Mexico,Roger Miller,By the Time I Get to Phoenix
Albuquerque,New Mexico,Fats Domino,Train Kept A Rollin' [Bonus Track]
Albuquerque,New Mexico,The Ventures,By the Time I Get to Phoenix
Albuquerque,New Mexico,Led Zeppelin,The Train Kept A Rollin'
Albuquerque,New Mexico,The Mills Brothers,La Cucaracha
Albuquerque,New Mexico,LL Cool J,American Girl
Albuquerque,New Mexico,Jeff Beck,The Train Kept A Rollin'
Albuquerque,New Mexico,The Band,Promised Land
Albuquerque,New Mexico,Chuck Berry,Promised Land [Live]
Albuquerque,New Mexico,Los Tucanes de Tijuana,El Doctor del Pueblo
Albuquerque,New Mexico,Tom Russell,Down the Rio Grande
Albuquerque,New Mexico,Kid Rock,Baby Come Home
Albuquerque,New Mexico,Vikki Carr,By the Time I Get to Phoenix
Albuquerque,New Mexico,Trace Adkins,Hauling One Thing
Albuquerque,New Mexico,Louie Bellson,The Lady Is a Tramp
Albuquerque,New Mexico,Johnny Cash,Wanted Man [DVD]
Albuquerque,New Mexico,Jerry Vale,By the Time I Get to Phoenix
Albuquerque,New Mexico,Jeff Beck,The Train Kept a Rollin
Albuquerque,New Mexico,Justin Moore,Run Out of Honky Tonks
Albuquerque,New Mexico,Neal Hefti,The Lady is a Tramp
Albuquerque,New Mexico,Carmen McRae,The Lady Is a Tramp
Albuquerque,New Mexico,Della Reese,The Lady Is a Tramp
Albuquerque,New Mexico,The Philosopher Kings,Lay My Body Down
Albuquerque,New Mexico,Lorrie Morgan,By the Time I Get To Phoenix
Albuquerque,New Mexico,David Crosby,Cowboy Movie
Albuquerque,New Mexico,Dave Edmunds,The Promised Land
Albuquerque,New Mexico,Love,Nothing
Albuquerque,New Mexico,Lyle Lovett,Nothing But a Good Ride
Albuquerque,New Mexico,House of Pain,House And The Rising Son
Albuquerque,New Mexico,Shane MacGowan,Wanted Man
Albuquerque,New Mexico,"Robert Earl Keen, Jr.",What I Really Mean
Albuquerque,New Mexico,Nick Cave & the Bad Seeds,By the Time I Get to Phoenix
Albuquerque,New Mexico,The Mavericks,Ride With Me
Albuquerque,New Mexico,John Prine,Glory of True Love
Albuquerque,New Mexico,Sammy Hagar,Red Voodoo
Albuquerque,New Mexico,Collin Raye,Corner of the Heart
Albuquerque,New Mexico,The Fray,48 to Go
Albuquerque,New Mexico,Twisted Sister,The Train Kept A Rollin'
Albuquerque,New Mexico,Wanda Jackson,By the Time You Got to Phoenix
Albuquerque,New Mexico,Deacon Blue,He Looks Like Spencer Tracy Now
Albuquerque,New Mexico,The Mountain Goats,Distant Stations
Albuquerque,New Mexico,Thelma Houston,By the Time I Get to Phoenix
Albuquerque,New Mexico,Paul Smith,Lady Is a Tramp
Albuquerque,New Mexico,Baby Bash,Short Skirts
Albuquerque,New Mexico,Johnny Burnette,The Train Kept A-Rollin'
Albuquerque,New Mexico,Andrew Bird,Distant Stations
Albuquerque,New Mexico,Jimmy Webb,By the Time I Get to Phoenix
Albuquerque,New Mexico,Dale Hawkins,Promised Land
Albuquerque,New Mexico,Mary Martin,Lady Is a Tramp [Stereo Recording]
Albuquerque,New Mexico,Mary Martin,The Lady Is a Tramp
Albuquerque,New Mexico,The Tubes,Tubes World Tour
Albuquerque,New Mexico,Urge Overkill,The Kids Are Insane
Albuquerque,New Mexico,UFO,Borderline
Albuquerque,New Mexico,Dave Alvin,Rio Grande
Albuquerque,New Mexico,Charlie,Never Too Late
Albuquerque,New Mexico,Better Than Ezra,Juarez
Albuquerque,New Mexico,Wade Hayes,Life After Lovin' You
Albuquerque,New Mexico,Bloodhound Gang,Going Nowhere Slow
Albuquerque,New Mexico,David Ball,When I Get Lonely
Albuquerque,New Mexico,Unlinked Artist,Bring Em Out
Albuquerque,New Mexico,Denise Studart,Peço Licença
Albuquerque,New Mexico,Denise Studart,Velhos Ranchos
Albuquerque,New Mexico,Denise Studart,Agora Tem Tanta Coisa Que Não Tinha
Albuquerque,New Mexico,Denise Studart,Moro Em Paquetá
Albuquerque,New Mexico,Smyth & Este,Save Your Breath
Albuquerque,New Mexico,The Oliver Moore Band,Fudd's Lament
Albuquerque,New Mexico,The Philosopher Kings,Leave That Man
Albuquerque,New Mexico,Sons of the Desert,Change
Albuquerque,New Mexico,Diamond and the Psychotic Neurotics,Step to Me
Albuquerque,New Mexico,The Bouncing Souls,"The Freaks, Nerds, and Romantics"
Albuquerque,New Mexico,Heather Myles,By the Time I Get to Phoenix
Albuquerque,New Mexico,Shovels & Rope,C'mon Utah!
Albuquerque,New Mexico,Unlinked Artist,By the Time I Get to Phoenix
Albuquerque,New Mexico,MC Lars,Yes I Am an Alien
Albuquerque,New Mexico,Fred Eaglesmith,Rocky
Albuquerque,New Mexico,Georgie Fame,By the Time I Get to Phoenix
Albuquerque,New Mexico,Richie Cole,The Lady Is a Tramp
Albuquerque,New Mexico,Blackbear,I Hope Your Whole Life Sux
Albuquerque,New Mexico,Amanda Marshall,Never Said Goodbye
Albuquerque,New Mexico,Colin James,The Train Kept A Rollin'
Albuquerque,New Mexico,Don DiLego,California
Albuquerque,New Mexico,South Park Mexican,Short Skirts
Albuquerque,New Mexico,Rachel Proctor,We Did It Our Way
Albuquerque,New Mexico,Megadeth,My Town
Albuquerque,New Mexico,Linda McCartney,Wide Prairie
Albuquerque,New Mexico,Joshua Kadison,Desert Flower
Albuquerque,New Mexico,Les Claypool,George E. Porge
Albuquerque,New Mexico,"CyHi The Prynce, Mickey Factz, eLZhi",Hayworth
Albuquerque,New Mexico,Projota,Pelo Amor
Albuquerque,New Mexico,NWH,My Peanuts
Albuquerque,New Mexico,Bad Boys Blue,Family Beat
Albuquerque,New Mexico,Fifteen,924
Albuquerque,New Mexico,Black Sorrows,Promised Land
Albuquerque,New Mexico,Roberto Blanco,Der Puppenspieler von Mexico
Albuquerque,New Mexico,Aaron Pritchett,On My Way to You
Albuquerque,New Mexico,Madchild,Tom Cruise
Las Cruces,New Mexico,"Tempo, Cosculluela, Farruko",No La Cruces
Las Cruces,New Mexico,The Hold Steady,The Stove & The Toaster
Las Cruces,New Mexico,Thalía,Tú Me Sientas Tan Bien
Las Cruces,New Mexico,El Niño de La Hipoteca,El Punky Del Barrio De Al Lado
Las Cruces,New Mexico,Jarabe de Palo,Las cruces de Tijuana
Las Cruces,New Mexico,Don Omar,Slow Motion
Las Cruces,New Mexico,Loquillo,Cadillac Solitario
Las Cruces,New Mexico,Beto Cuevas,Mi Única Verdad
Las Cruces,New Mexico,Two Gallants,Las Cruces Jail
Las Cruces,New Mexico,Alejandro Fernández,Te Voy a Perder
Las Cruces,New Mexico,Palomo,Dia Con Dia
Las Cruces,New Mexico,Gloria Estefan,Por Amor
Las Cruces,New Mexico,Los Tigres del Norte,La Banda del Carro Rojo
Las Cruces,New Mexico,"Juan Magán, Amenazzy",Como La Primera Vez
Las Cruces,New Mexico,Miky Woodz,Apreté El Botón
Las Cruces,New Mexico,Tom Russell,Down the Rio Grande
Las Cruces,New Mexico,Chiki Wanted,NO PREGUNTEN
Las Cruces,New Mexico,"Dheformer, Ciclo",Ultrapirus
Las Cruces,New Mexico,Lorenzo de Monteclaro,La Banda del Carro Rojo
Las Cruces,New Mexico,Vicente Fernández,Los Mandados
Las Cruces,New Mexico,Luis Alberto Spinetta,Ya No Mires Atrás
Las Cruces,New Mexico,Carlos Vives,La Cañaguatera
Las Cruces,New Mexico,Fidel Rueda,El Chiquilin
Las Cruces,New Mexico,"Cosculluela, Anuel AA",23
Las Cruces,New Mexico,Granuja,Vienen y Se Van
Las Cruces,New Mexico,Vetusta Morla,Cenas Ajenas
Las Cruces,New Mexico,Soto Asa,Luna
Las Cruces,New Mexico,"Anuel AA, Darell",Sobreviviendo
Las Cruces,New Mexico,Kinky Friedman,Highway Café
Las Cruces,New Mexico,Leonel García,Te Voy a Perder
Las Cruces,New Mexico,Facto Delafé y las Flores Azules,Pronombres
Las Cruces,New Mexico,Dave Alvin,Rio Grande
Las Cruces,New Mexico,Miss Caffeina,Fiesta Nacional
Las Cruces,New Mexico,Okkervil River,Frontman In Heaven
Las Cruces,New Mexico,Ana Tijoux,"No Estamos Solas (Tema Central de la Serie ""La Jauría"")"
Las Cruces,New Mexico,La Oreja de Van Gogh,El primer dia del resto de Mi Vida
Las Cruces,New Mexico,"Cheb Rubën, Trinkiboy",Monalisa
Las Cruces,New Mexico,"Cheb Rubën, Sceno",CPV (Intro)
Las Cruces,New Mexico,"CERO39, Mula",La Cura
Las Cruces,New Mexico,Los Tigres del Norte,Los Mandados
Las Cruces,New Mexico,Illya Kuryaki and the Valderramas,Mi Futuro
Las Cruces,New Mexico,Fred Small,The Last Time I Had Autumn
Las Cruces,New Mexico,"La Etnnia, Full Nelson",De la Cuna al Ataúd
Las Cruces,New Mexico,Catupecu Machu,El Número Imperfecto
Las Cruces,New Mexico,Gaby Moreno,Si Pudiera
Las Cruces,New Mexico,Gerardo Ortíz,Angeles o Demonios
Las Cruces,New Mexico,"Nicky Jam, Mozart, Chencho Corleone, Daddy Yankee, Arcángel, De la Ghetto, Gente de Zona, Cosculluela, El Micha, Zion, Maldy, J Balvin, Farruko, Alexio , Kafu Banton, Secreto ""El Famoso Biberón""",Alerta Roja
Las Cruces,New Mexico,Charly García,Siempre Puedes Olvidar
Las Cruces,New Mexico,Juanka,Uprising (Se Cayeron)
Las Cruces,New Mexico,"Myke Towers, Rafa Pabön, Green Cookie",Piérdete
Las Cruces,New Mexico,Banda La Misma Tierra,Es Mejor Solo
Las Cruces,New Mexico,Manuel Medrano,Bajo El Agua
Las Cruces,New Mexico,Revolver Cannabis,Brazo Armado Caido
Las Cruces,New Mexico,Outlandish,I've Seen
Las Cruces,New Mexico,Regulo Caro,Conecta de Marley [Bonus Track]
Las Cruces,New Mexico,Pescado Rabioso,Cantata de Puentes Amarillos
Las Cruces,New Mexico,Joel Plaskett,Natural Disaster
Las Cruces,New Mexico,Lucybell,A Perderse
Las Cruces,New Mexico,Franco De Vita,Como Cada Domingo
Las Cruces,New Mexico,Los Tigres del Norte,Somos Más Americanos
Las Cruces,New Mexico,Café Tacuba,El Espacio
Las Cruces,New Mexico,Maná,Somos más americanos
Las Cruces,New Mexico,Banda Carnaval,El  Del Guamuchilito
Las Cruces,New Mexico,"Maicol & Manuel, Watusi, Jowell, J Balvin",Ella Me Cautivo [Remix]
Las Cruces,New Mexico,Jennifer Lopez,Te Voy a Querer
Las Cruces,New Mexico,Carlos Sadness,Sputnik (El Día Que Dejaste la Tierra)
Las Cruces,New Mexico,Ricardo Arjona,Mexico
Las Cruces,New Mexico,Gonzalo Hermida,Ni Una Más
Las Cruces,New Mexico,"Alejo García, Claudia Gómez",No me Cantes las Balas
Las Cruces,New Mexico,Café Tacuba,El Espacio [MTV Unplugged 2]
Las Cruces,New Mexico,Café Tacuba,El Río
Las Cruces,New Mexico,Café Tacuba,El  Rio
Las Cruces,New Mexico,Kanales,Mañana Sin Sol
Las Cruces,New Mexico,Alemán,Ya Te la Cypress
Las Cruces,New Mexico,Calibre 50,Corrido De Juanito
Las Cruces,New Mexico,"Sebastian Yatra, Carlos Vives, Zion & Lennox",Robarte Un Beso [Remix]
Las Cruces,New Mexico,Calibre 50,El  Inmigrante
Las Cruces,New Mexico,Joan Manuel Serrat,Mi Niñez
Las Cruces,New Mexico,Khea,Nuevo
Las Cruces,New Mexico,De la Ghetto,Miss Lonely [Remix]
Las Cruces,New Mexico,"Cromosapiens, Lng Sht",De Costa a Costa
Las Cruces,New Mexico,Man Ray,Olvídate de Mí
Las Cruces,New Mexico,Jorge Drexler,La Aparecida
Las Cruces,New Mexico,Daddy Yankee,Outro
Las Cruces,New Mexico,Cosculluela,Black Ops
Las Cruces,New Mexico,Julieta Venegas,El Dolor del Micro
Las Cruces,New Mexico,"Fyahbwoy, 5Drjen",Mamma Desolé
Las Cruces,New Mexico,Los Invasores de Nuevo León,Derrotado Corazón
Las Cruces,New Mexico,La Oreja de Van Gogh,Perdida
Las Cruces,New Mexico,Thalía,No Me Voy a Quebrar
Las Cruces,New Mexico,Gloria Trevi,La Acera de Enfrente
Las Cruces,New Mexico,Espinoza Paz,Cuando Cruce la Puerta
Las Cruces,New Mexico,Aerophon,Mi Familia
Las Cruces,New Mexico,Boris Larramendi,Luchador
Las Cruces,New Mexico,Lasso,Rompecabezas
Las Cruces,New Mexico,Noel Torres,La Escuela De Mi Padre
Las Cruces,New Mexico,Tommy Torres,Por Amor
Las Cruces,New Mexico,Charly García,Tu Amor
Las Cruces,New Mexico,Los Prisioneros,Una Mujer Que No Llame la Atencion
Las Cruces,New Mexico,Cheb Rubën,Calidad y Cantidad
Las Cruces,New Mexico,León Benavente,La Ribera
Las Cruces,New Mexico,Sly & Robbie,Las Estrellas
Las Cruces,New Mexico,Banda Cruz de Oro,El Inmigrante
Las Cruces,New Mexico,Maldita Vecindad,Sur Del Sur
Las Cruces,New Mexico,Calle 13,Pi-Di-Di-Di
Las Cruces,New Mexico,The La Planta,Miss Lonely
Las Cruces,New Mexico,"The La Planta, 18 Kilates, El Reja",Madura
Las Cruces,New Mexico,Wolfine,Maria
Las Cruces,New Mexico,Rosana,Demasiado
Las Cruces,New Mexico,Fifth Harmony,Sin tu amor
Las Cruces,New Mexico,"Lenny Tavarez, Rauw Alejandro, Alex Rose, Cazzu, Lyanno",Toda [Remix]
Las Cruces,New Mexico,"Ayax y Prok, Blasfem, Daniela",Dolce
Las Cruces,New Mexico,Dyablo,Quien? [Radio Version]
Las Cruces,New Mexico,"C-Kan, MC Davo",Round 3
Las Cruces,New Mexico,Ossian ZGZ,Anubis Hollywood
Las Cruces,New Mexico,Vicentico,Fuera Del Mundo
Las Cruces,New Mexico,Efecto Mariposa,A la deriva
Las Cruces,New Mexico,Miranda,Vigilia
Las Cruces,New Mexico,Los Primos del Este,Solita Bailando
Las Cruces,New Mexico,Ana Torroja,Cruz de Navajas
Las Cruces,New Mexico,"Químico Ultra Mega, El Jincho, Lopes",Préndelo
Las Cruces,New Mexico,Abel Pintos,Mi Error
Las Cruces,New Mexico,"Secreto ""El Famoso Biberón""",Mi Cumpleaños 2
Las Cruces,New Mexico,Abraham Vázquez,Lo Que Aprendí De Las Calles
Las Cruces,New Mexico,Mindot,Cualquier Cosa
Las Cruces,New Mexico,Babasónicos,Sobre la Hierba
Las Cruces,New Mexico,Rosana,No Habrá Dios
Las Cruces,New Mexico,Rosana,No Habrá Dios [Multimedia Track]
Las Cruces,New Mexico,Rosana,No Habrá Dios [Versión Acústica]
Las Cruces,New Mexico,Rosana,No Habrá Dios [Video Versión Acústica]
Las Cruces,New Mexico,Babasónicos,Sobre À Hierba
Las Cruces,New Mexico,Jose Andrëa Uróboros,Malaestrella
Las Cruces,New Mexico,Milton Nascimento,Dos Cruces
Las Cruces,New Mexico,"Mozart La Para, Don Patricio",Pa’ Toda La Vida
Las Cruces,New Mexico,Nana Mouskouri,Dos Cruces
Las Cruces,New Mexico,Plácido Domingo,Dos Cruces
Las Cruces,New Mexico,"Sniper SP, Ñengo Flow",La Calle Me Cambio
Las Cruces,New Mexico,Don Omar,Oasis
Las Cruces,New Mexico,Los Tigres del Norte,Qué Tal Si Eres Tú
Las Cruces,New Mexico,Banda Sinaloense MS de Sergio Lizárraga,Popurrí Ranchero [En Vivo CDMX]
Las Cruces,New Mexico,Gilberto Santa Rosa,Peligro
Las Cruces,New Mexico,Vicente Fernández,Duelo a Caballo
Las Cruces,New Mexico,Kinky,¿A Dónde Van Los Muertos?
Las Cruces,New Mexico,Luis Fonsi,Somos Uno
Las Cruces,New Mexico,Cypress Hill,Tequila (Tequila Sunrise)
Las Cruces,New Mexico,La Frontera,Siete Calaveras
Las Cruces,New Mexico,Los Ajenos,La Cura
Las Cruces,New Mexico,Joan Sebastían,El Ilegal
Las Cruces,New Mexico,Kevin Ortiz,Mi X
Las Cruces,New Mexico,"J Alvarez, Herencia de Timbiqui ",Mi Primera Locura
Las Cruces,New Mexico,Celtas Cortos,Se lo Llevaron Todo
Las Cruces,New Mexico,Banda los Recoditos,La Cruda
Las Cruces,New Mexico,Loreena McKennitt,Santiago
Las Cruces,New Mexico,Ricardo Arjona,No Me Importa Nada
Las Cruces,New Mexico,Los Enanitos Verdes,Del Cairo a Paris
Las Cruces,New Mexico,ZPU,Hasta Donde Mi Vista Alcanza
Las Cruces,New Mexico,Hnos Munoz,Las Seis
Las Cruces,New Mexico,Pesado,Con Toda El Alma
Las Cruces,New Mexico,Enrique Bunbury,Habrá Una Guerra En Las Calles
Las Cruces,New Mexico,Pala,A lo bien
Las Cruces,New Mexico,"Wisin, Cosculluela, Farruko, Juanka, Pacho El Antifeka",Pa' Morir Se Nace [Remix]
Las Cruces,New Mexico,Ñengo Flow,No Quiero Llegar a Casa
Las Cruces,New Mexico,URSS Bajo El Árbol,Miradas
Las Cruces,New Mexico,Xoel López,Madrid
Las Cruces,New Mexico,Marisela,Tu y Yo
Las Cruces,New Mexico,Los Tigres del Norte,Tres Veces Mojado
Las Cruces,New Mexico,Fuerza Regida,Disculpe Usted
Las Cruces,New Mexico,Carlos Gardel,Cuesta Abajo
Las Cruces,New Mexico,Sergio Vega,Disculpe Usted
Las Cruces,New Mexico,La Oreja de Van Gogh,Muñeca de Trapo
Las Cruces,New Mexico,La Oreja de Van Gogh,Muñeca De Trapo
Las Cruces,New Mexico,Juan Luis Guerra,Bachata en Fukuoka
Las Cruces,New Mexico,Marisela,Tú y Yo
Las Cruces,New Mexico,Thalía,Brindis
Las Cruces,New Mexico,Los Herederos de Nuevo León,Evítame la Pena
Las Cruces,New Mexico,Cypress Hill,Muévete (Make a Move)
Las Cruces,New Mexico,Fusa Nocta,Sola
Las Cruces,New Mexico,Blon,Dracarys
Las Cruces,New Mexico,Los Plebes del Rancho de Ariel Camacho,El Güero Colorado
Las Cruces,New Mexico,Los Tigres del Norte,La Jaula de Oro
Las Cruces,New Mexico,Mäbu,Terapia
Las Cruces,New Mexico,Natanael Cano,Corridos Tumbados
Las Cruces,New Mexico,Frankie Ruiz,Déjame Quererte
Las Cruces,New Mexico,Violadores del Verso,Pura Droga Sin Cortar
Las Cruces,New Mexico,Juan Luis Guerra,Bachata en Fukuoka [Live]
Las Cruces,New Mexico,El Potro de Sinaloa,Disculpe Usted
Las Cruces,New Mexico,Jary Franco,Disculpe Usted
Las Cruces,New Mexico,ABBA,No Hay a Quién Culpar [When All Is Said and Done]
Las Cruces,New Mexico,Illya Kuryaki and the Valderramas,Hermoza from Heaven
Las Cruces,New Mexico,Leiva,No Te Preocupes Por Mí
Las Cruces,New Mexico,DeLo Nuestro..,Tres Veces Mojado
Las Cruces,New Mexico,Grupo Montéz de Durango,Puro Durango
Las Cruces,New Mexico,Puerto Candelaria,Una Eterna Primavera
Las Cruces,New Mexico,Los Nuevos Rebeldes,Dos Cruces
Las Cruces,New Mexico,Atahualpa Yupanqui,En Aquel Tiempo
Las Cruces,New Mexico,EIVAM,Chispas
Las Cruces,New Mexico,Ana Tijoux,Oro Negro
Las Cruces,New Mexico,Akwid,Subir Arriba
Las Cruces,New Mexico,Mala Rodríguez,Una Raya en el Agua
Las Cruces,New Mexico,Arbol,Cruces
Las Cruces,New Mexico,Nach,Los Zurdos Mueren Antes
Las Cruces,New Mexico,La Arrolladora Banda el Limón de René Camacho,Los Limones
Las Cruces,New Mexico,"Blunted Vato, Nax King",Parachute
Las Cruces,New Mexico,Café Tacuba,Arrullo
Las Cruces,New Mexico,"Chucky73, Fetti031",Dili
Las Cruces,New Mexico,Los Terricolas,Cuesta Abajo
Las Cruces,New Mexico,Daddy Yankee,Como y Vete
Las Cruces,New Mexico,Jerry Rivera,Cuesta Abajo
Las Cruces,New Mexico,Cheb Rubën,Giveme5
Las Cruces,New Mexico,Orishas,Ausencia
Las Cruces,New Mexico,RBD,El Mundo Detrás
Las Cruces,New Mexico,Los Tigres del Norte,La Jaula de Oro [Live at Folsom Prison]
Las Cruces,New Mexico,Tommy Torres,Todo Me Recuerda a Ti
Las Cruces,New Mexico,Enigma Norteño,El Del Vocho Volkswagen (El 15)
Las Cruces,New Mexico,Los Ángeles Negros,Cuesta Abajo
Las Cruces,New Mexico,Enrique Iglesias,Mas Es Amar (Sad Eyes)
Las Cruces,New Mexico,Enrique Iglesias,Más Es Amar (Sad Eyes)
Las Cruces,New Mexico,"Pekeño 77, Bizarrap","Pekeño 77: Bzrp Music Sessions, Vol. 5"
Las Cruces,New Mexico,"Ñengo Flow, Jory Boy, Jon Z",Bendición Mami
Las Cruces,New Mexico,Cheb Rubën,Bajopiedra
Las Cruces,New Mexico,Gera MX,Dando Vuelta
Las Cruces,New Mexico,Bardero$,Pikete
Las Cruces,New Mexico,ZPU,Un día de furia
Las Cruces,New Mexico,"Lapiz Conciente, Musicologo El Libro, Secreto ""El Famoso Biberón""",Bum Bam Ven [Remix]
Las Cruces,New Mexico,J Alvarez,Haters [Part 2]
Las Cruces,New Mexico,"Mariel Mariel, Yorka, Benjamin Walker, Vicente Cifuentes, Charly Benavente",La Caverna
Las Cruces,New Mexico,Safree,Dentro De Mi
Las Cruces,New Mexico,"Zetazen, KYOTTO, Naes Beats",Supernova
Las Cruces,New Mexico,Elías Mendoza,El Gustico
Las Cruces,New Mexico,Token'one,Kuira
Las Cruces,New Mexico,C-Kan,Mi Musica Es Un Arma [Bonus Track]
Las Cruces,New Mexico,Bacilos,Barcelona
Las Cruces,New Mexico,Fito Páez,Tres Agujas
Las Cruces,New Mexico,"Lary Over, Randy Paris, Jahzel",Encima de Mí
Las Cruces,New Mexico,"Gera MX, Jay Romero, Bipo Montana",No Le Meten
Las Cruces,New Mexico,La Séptima Banda,Soy Ilegal
Las Cruces,New Mexico,"SanLuis, Santiago Cruz, Sebastian Yatra, Cáceres, Andrés Cepeda, Juan Fernando Velasco, Debi Nova, Fonseca, Silvestre Dangond, Fanny Lú, Raquel Sofia, Ventino, Victor Muñoz, Javier Ramírez, Leslie Shaw, Reymar Perdomo, Astrid Marrufo",Me Fui
Las Cruces,New Mexico,Reymar Perdomo,Me Fui
Las Cruces,New Mexico,Café Tacuba,Esperando
Las Cruces,New Mexico,Lolabúm,Penitas
Las Cruces,New Mexico,Regulo Caro,4 Segundos
Las Cruces,New Mexico,Dante,Adiós
Las Cruces,New Mexico,Shé,Volver a Empezar
Las Cruces,New Mexico,Comunidad Agrícola,Anastasia
Las Cruces,New Mexico,Ana Belén,Planta 14
Las Cruces,New Mexico,Víctor Manuel,Planta 14
Las Cruces,New Mexico,Kraden,Hiraeth
Las Cruces,New Mexico,Illya Kuryaki and the Valderramas,Masaje (Vainilla)
Las Cruces,New Mexico,La Renga,Balada del Diablo y la Muerte
Las Cruces,New Mexico,Fito Páez,Por Siete Vidas (Caceria)
Las Cruces,New Mexico,Fito & Fitipaldis,Antes de que cuente diez
Las Cruces,New Mexico,AJ Davila,Salvajes
Las Cruces,New Mexico,Roldan,M1
Las Cruces,New Mexico,AniMosh,Vértigo
Las Cruces,New Mexico,"Arcángel, Luigi 21 Plus",Soltería
Las Cruces,New Mexico,Natanael Cano,Nubes Blancas
Las Cruces,New Mexico,Xoel López,Tigre de Bengala
Las Cruces,New Mexico,Julieta Venegas,La Jaula de Oro
Las Cruces,New Mexico,Diego Torres,Tal Vez
Las Cruces,New Mexico,Julieta Venegas,La  Jaula de Oro
Las Cruces,New Mexico,Jorge Drexler,Tu Voyeur
Las Cruces,New Mexico,Ivan Noble,La Propina
Las Cruces,New Mexico,Mägo de Oz,"El Príncipe de la Dulce Pena, Pt. 4"
Las Cruces,New Mexico,Antonella Arancio,Arañazos en la Espalda
Las Cruces,New Mexico,Diana Reyes,Evítame La Pena
Las Cruces,New Mexico,Roldan,M1 (Radio Edit)
Las Cruces,New Mexico,León Gieco,El Ángel de la Bicicleta
Las Cruces,New Mexico,"La Banda Bastön, McKlopedia",Solo Como Amigos
Las Cruces,New Mexico,Los Caligaris,Olvidar/El Oasis/Saber Perder
Las Cruces,New Mexico,ZPU,Invierno
Las Cruces,New Mexico,Miranda!,Es por Él
Las Cruces,New Mexico,Mani,21-28
Las Cruces,New Mexico,Franco De Vita,Hoy Ya Me Voy
Las Cruces,New Mexico,Gigolo,Na Na Na
Las Cruces,New Mexico,La Ley,Durar Hasta el Final
Las Cruces,New Mexico,Pala,Donde hay oro
Las Cruces,New Mexico,Boris Larramendi,Samurai
Las Cruces,New Mexico,Reyli,Ando Por las Nubes
Las Cruces,New Mexico,Triángulo de Amor Bizarro,O Salve Eris
Las Cruces,New Mexico,Tito Nieves,Creo En Ti
Las Cruces,New Mexico,Quiero Club,La Gloria
Las Cruces,New Mexico,Celeste Carballo,Sabemos Que Vuelvo Pronto
Las Cruces,New Mexico,Nadia,Abrázame
Las Cruces,New Mexico,Cepeda,Gentleman
Las Cruces,New Mexico,Carlos Ponce,Morena
Las Cruces,New Mexico,Alemán,Perro Callejero
Las Cruces,New Mexico,"Héctor Acosta ""El Torito"", Zéh Enrique",Estupidamente Apaixonado
Las Cruces,New Mexico,Donato Póveda,Bohemio Enamorado
Las Cruces,New Mexico,"Brytiago, Khea",Calientita
Las Cruces,New Mexico,Once Tiros,Maldición
Las Cruces,New Mexico,Elsa y Elmar,sola con mi gata
Las Cruces,New Mexico,Lenny Tavarez,Te Lo Metí
Las Cruces,New Mexico,Seguridad Social,Que Te Voy a Dar
Las Cruces,New Mexico,Macaco,Agárrate
Las Cruces,New Mexico,Rels B,Dime Que No
Las Cruces,New Mexico,Catupecu Machu,A Veces Vuelvo
Las Cruces,New Mexico,Trío Ventana,Soplo
Las Cruces,New Mexico,Rata Blanca,Gente del Sur
Las Cruces,New Mexico,Luis Alberto Spinetta,"Alfil, Ella No Cambia Nada"
Las Cruces,New Mexico,Kany García,Hoy Ya Me Voy [En Vivo]
Las Cruces,New Mexico,Kany García,Hoy Ya Me Voy
Las Cruces,New Mexico,Aterciopelados,No Llores
Las Cruces,New Mexico,Mägo de Oz,Judas
Las Cruces,New Mexico,Estelares,Autobuses
Las Cruces,New Mexico,Luciano Pereyra,Eres Mi Vida
Las Cruces,New Mexico,ABI,Scuze
Las Cruces,New Mexico,Vitalicus,Satana nu iartă
Las Cruces,New Mexico,Silvio Rodríguez,Parte del Tiempo
Las Cruces,New Mexico,El Último de La Fila,Llanto de Pasion
Las Cruces,New Mexico,Joaquín Sabina,Números Rojos
Las Cruces,New Mexico,Martin Castillo,Prajedes Félix
Las Cruces,New Mexico,Hadrian,Bendito
Las Cruces,New Mexico,Los Planetas,Dulces Sueños
Las Cruces,New Mexico,Crudo Means Raw,Novena
Las Cruces,New Mexico,Emmanuel Horvilleur,Listos Para Ver
Las Cruces,New Mexico,Marcela Gandara,Un  Viaje Largo
Las Cruces,New Mexico,Malú,Encadenada a Ti [Q]
Las Cruces,New Mexico,Lori Meyers,Ventura
Las Cruces,New Mexico,Sr. Chinarro,Supersticiones
Las Cruces,New Mexico,Matt Hunter,Dicen
Las Cruces,New Mexico,Lori Meyers,Mis Neuronas de Viaje de Estudios
Rio Rancho,New Mexico,"Wilson Simoninha, Celia & Celma",A Saudade Mata a Gente [Ao Vivo]
Rio Rancho,New Mexico,Rocío Dúrcal,¿Sabes Por Qué?
Rio Rancho,New Mexico,El Gran Silencio,El Mitote
Rio Rancho,New Mexico,Calibre 50,Hecho En Sinaloa
Rio Rancho,New Mexico,Banda Sinaloense,Suena la Banda
Rio Rancho,New Mexico,Los Tucanes de Tijuana,Suena la Banda
Rio Rancho,New Mexico,Los Tucanes de Tijuana,Suena La Banda
Rio Rancho,New Mexico,"Alfredo Ríos ""El Komander""",Soy de Rancho
Rio Rancho,New Mexico,Caetano Veloso,"Soy Loco Por Ti, América"
Rio Rancho,New Mexico,El Fantasma,El Nano [Version Estudio]
Rio Rancho,New Mexico,Gilberto Gil,"Soy Loco Por Ti, América"
Rio Rancho,New Mexico,Juan Gabriel,Cuando Estoy en el Campo
Rio Rancho,New Mexico,Juan Gabriel,El México Que Se Nos Fue
Rio Rancho,New Mexico,GEORGETTE PLANA,MEXICANA (LA)
Rio Rancho,New Mexico,Hank Locklin,Rosalita
Rio Rancho,New Mexico,Doble Porción,Na de Na
Rio Rancho,New Mexico,Leandro Ríos,Sigo Siendo El Mismo
Rio Rancho,New Mexico,"Los Buitres De Culiacán Sinaloa, Fuerza de Tijuana",De Culichi a La Juana
Rio Rancho,New Mexico,Calibre 50,El  Inmigrante
Rio Rancho,New Mexico,Gerardo Ortíz,El Chavo
Rio Rancho,New Mexico,Jads & Jadson,Rei Dos Canoeiros
Rio Rancho,New Mexico,Revolver Cannabis,Fuentes De Sangre
Rio Rancho,New Mexico,Banda Cruz de Oro,El Inmigrante
Rio Rancho,New Mexico,Crack Family,Superfiziez
Rio Rancho,New Mexico,Young Eiby,Tú Fronteas
Rio Rancho,New Mexico,Bersuit,El  Viejo de Arriba
Rio Rancho,New Mexico,Chalino Sánchez,A Todo Sinaloa
Rio Rancho,New Mexico,Ivete Sangalo,Soy Loco Por Ti América
Rio Rancho,New Mexico,Toquinho e Vinicius,São Demais Os Perigos Desta Vida/As Cores de Abril/ O Filho Que Eu Quero Ter
Rio Rancho,New Mexico,Leandro Ríos,El Arbol
Rio Rancho,New Mexico,Saulo,"Sol Em Festa / Citação Poema: Meto-me Para Dentro [Sol Lua Sol, ao Vivo em São Paulo (Ao Vivo)]"
Rio Rancho,New Mexico,Tonico e Tinoco,Piao Vaqueiro
Rio Rancho,New Mexico,Revolver Cannabis,Yo Soy Del Villar
Rio Rancho,New Mexico,Martin Castillo,Yo Soy Del Villar
Rio Rancho,New Mexico,Los Chairez,Yo Soy Del Villar
Rio Rancho,New Mexico,Revolver Cannabis,Brazo Armado Caido
Santa Fe,New Mexico,Juan Gabriel,Que Bonito Es Santa Fe
Santa Fe,New Mexico,The Band,Santa-Fe [outtake]
Santa Fe,New Mexico,The Band,Santa-Fe
Santa Fe,New Mexico,Bing Crosby,"On the Atchison, Topeka and the Santa Fe"
Santa Fe,New Mexico,Dean Summerwind,Parked Out By The Lake
Santa Fe,New Mexico,C.W. McCall,Four Wheel Cowboy
Santa Fe,New Mexico,Lightnin' Hopkins,Santa Fe Blues
Santa Fe,New Mexico,Bon Jovi,Santa Fe
Santa Fe,New Mexico,Lightnin' Hopkins,Santa Fe
Santa Fe,New Mexico,Judy Garland,"On the Atchison, Topeka and the Santa Fe [Studio Excerpt Version]"
Santa Fe,New Mexico,Judy Garland,"On the Atchison, Topeka and the Santa Fe"
Santa Fe,New Mexico,Judy Garland,"On the Atchison, Topeka, & The Santa Fe"
Santa Fe,New Mexico,Bing Crosby,"On the Atchison, Topeka & The Santa Fe"
Santa Fe,New Mexico,Judy Garland,"On the Atchison, Topeka and Santa Fe"
Santa Fe,New Mexico,Beirut,Santa Fe
Santa Fe,New Mexico,Alan Menken,Santa Fe (Prologue)
Santa Fe,New Mexico,Shawn Mullins,Santa Fe
Santa Fe,New Mexico,The Pied Pipers,"On the Atchison, Topeka and the Santa Fe"
Santa Fe,New Mexico,Kate Smith,"On the Atchison, Topeka and the Santa Fe"
Santa Fe,New Mexico,Judy Garland,"On the Atchison, Topeka, And the Santa Fe"
Santa Fe,New Mexico,Charlie Daniels,Midnight Train
Santa Fe,New Mexico,Eric Clapton,Mean Old Frisco
Santa Fe,New Mexico,Original Broadway Cast,Santa Fe
Santa Fe,New Mexico,Thunder Smith,Santa Fe Blues
Santa Fe,New Mexico,Muddy Waters,Mean Old Frisco Blues
Santa Fe,New Mexico,Rosemary Clooney,"On the Atchison, Topeka and the Santa Fe"
Santa Fe,New Mexico,Juan Gabriel,Rumbeando Por Madrid
Santa Fe,New Mexico,Jonathan Larson,Santa Fe
Santa Fe,New Mexico,Bing Crosby,A Gal in Calico
Santa Fe,New Mexico,Woody Herman & His Orchestra,"On the Atchison, Topeka and the Santa Fe"
Santa Fe,New Mexico,Artie Shaw,"On the Atchison, Topeka and the Santa Fe"
Santa Fe,New Mexico,Jimmy Witherspoon,Mean Old Frisco
Santa Fe,New Mexico,John Denver,"On the Atchison, Topeka and the Santa Fe"
Santa Fe,New Mexico,Frank Sinatra,"On the Atchison, Topeka and the Santa Fe"
Santa Fe,New Mexico,Louis Prima,"On the Atchison, Topeka and the Santa Fe"
Santa Fe,New Mexico,The Four Freshmen,"On the Atchison, Topeka and the Santa Fe"
Santa Fe,New Mexico,Henry Mancini & His Orchestra & Chorus,"On the Atchison, Topeka and the Santa Fe [From The Harvey Girls]"
Santa Fe,New Mexico,Anthony Rapp,Finale
Santa Fe,New Mexico,Johnny Mercer,"On the Atchison, Topeka and the Santa Fe"
Santa Fe,New Mexico,Jack DeJohnette,"On the Atchison, Topeka and the Santa Fe"
Santa Fe,New Mexico,"Alan Menken, Jeremy Jordan",Santa Fe
Santa Fe,New Mexico,Ted Heath,"On the Atchison, Topeka and the Santa Fe"
Santa Fe,New Mexico,Eddie Fisher,"On the Atchison, Topeka and the Santa Fe"
Santa Fe,New Mexico,Jack Teagarden,"On the Atchison, Topeka and the Santa Fe"
Santa Fe,New Mexico,Erich Kunzel,"On the Atchison, Topeka and the Santa Fe [From The Harvey Girls]"
Santa Fe,New Mexico,Bing Crosby,"On the Atchison, Topeka and the Santa Fe [Harvey Girls]"
Santa Fe,New Mexico,Vic Damone,A Gal in Calico
Santa Fe,New Mexico,Tommy Dorsey,"On the Atchison, Topeka and the Santa Fe"
Santa Fe,New Mexico,Blind Lemon Jefferson,Bad Luck Blues
Santa Fe,New Mexico,Petula Clark,"On the Atchison, Topeka and the Santa Fe"
Santa Fe,New Mexico,Derek & the Dominos,Mean Old Frisco
Santa Fe,New Mexico,Mandy Patinkin,"On the Atchison, Topeka and the Santa Fe"
Santa Fe,New Mexico,Santa Fe Klan,Silencio en el Callejon
Santa Fe,New Mexico,Billy May,"On the Atchison, Topeka and the Santa Fe"
Santa Fe,New Mexico,Gordon Jenkins,"On the Atchison, Topeka and the Santa Fe"
Santa Fe,New Mexico,Glenn Miller & the Army Air Force Band,Along the Santa Fe Trail
Santa Fe,New Mexico,Glenn Miller,Along the Santa Fe Trail
Santa Fe,New Mexico,Hank Snow,The Man Who Robbed the Bank at Santa Fe
Santa Fe,New Mexico,Brooks & Dunn,South of Santa Fe
Santa Fe,New Mexico,Bing Crosby,Along the Santa Fe Trail
Santa Fe,New Mexico,Van Morrison,Santa Fe/Beautiful Obsession
Santa Fe,New Mexico,Claude Williamson,"On the Atchison, Topeka and the Santa Fe"
Santa Fe,New Mexico,Virginia O'Brien,"On the Atchison, Topeka and the Santa Fe [From The Harvey Girls]"
Santa Fe,New Mexico,"Harry Connick, Jr.","On the Atchison, Topeka and the Santa Fe"
Santa Fe,New Mexico,Bill Henderson,"On the Atchison, Topeka and the Santa Fe"
Santa Fe,New Mexico,David Wilcox,Gone to Santa Fe
Santa Fe,New Mexico,Unlinked Artist,"On the Atchison, Topeka and the Santa Fe [From The Harvey Girls]"
Santa Fe,New Mexico,Steve Winwood,Midnight Special
Santa Fe,New Mexico,Swervedriver,How Does It Feel to Look Like Candy?
Santa Fe,New Mexico,Kate Smith,Along the Santa Fe Trail
Santa Fe,New Mexico,Ambrose,"On the Atchison, Topeka and the Santa Fe"
Santa Fe,New Mexico,Claude Bolling,"On the Atchison, Topeka and the Santa Fe"
Santa Fe,New Mexico,J.J. Cale,Teardrops in My Tequila
Santa Fe,New Mexico,Bruno Bertone Orchestra,"On the Atchison, Topeka and the Santa Fe"
Santa Fe,New Mexico,MC Kapela,Agora Você Corre Atrás
Santa Fe,New Mexico,Monica Mancini,"On the Atchison, Topeka & The Santa Fe"
Santa Fe,New Mexico,Bobby Rosengarden,"On the Atchison, Topeka and the Santa Fe"
Santa Fe,New Mexico,Billy Strange,"On the Atchison, Topeka and the Santa Fe"
Santa Fe,New Mexico,Nancy LaMott,"On the Atchison, Topeka and the Santa Fe"
Santa Fe,New Mexico,Anne Shelton,"On the Atchison, Topeka and the Santa Fe"
Santa Fe,New Mexico,Drive-By Truckers,Santa Fe
Santa Fe,New Mexico,Tommy Tucker,"On the Atchison, Topeka and the Santa Fe"
Santa Fe,New Mexico,The King Sisters,"On the Atchison, Topeka and the Santa Fe"
Santa Fe,New Mexico,Mary Cleere Haran,"On the Atchison, Topeka and the Santa Fe"
Santa Fe,New Mexico,Brad Ellis,"On the Atchison, Topeka and the Santa Fe [Anna Karenina, The Musical]"
Santa Fe,New Mexico,Randy Travis,Memories of Old Santa Fe
Santa Fe,New Mexico,Starlite Orchestra,"On the Atchison, Topeka and the Santa Fe"
Santa Fe,New Mexico,"Santa Fe Klan, Grupo Firme",Nada
Santa Fe,New Mexico,Louis Armstrong,Dallas Blues
Santa Fe,New Mexico,Johnny Mercer,G.I. Jive
Santa Fe,New Mexico,Pete Seeger,Jay Gould's Daughter
Santa Fe,New Mexico,Skip James,Cherry Ball Blues
Santa Fe,New Mexico,The Pied Pipers,A Gal in Calico
Santa Fe,New Mexico,B.B. King,Mean Old Frisco
Santa Fe,New Mexico,Little Walter,Mean Old Frisco
Santa Fe,New Mexico,Aaron Binder,A Gal in Calico
Santa Fe,New Mexico,Lightnin' Hopkins,Mean Old Frisco
Santa Fe,New Mexico,The Manhattan Transfer,A Gal in Calico
Santa Fe,New Mexico,Nat King Cole,Midnight Flyer
Santa Fe,New Mexico,Bill Elliott,"On the Atchison, Topeka and the Santa Fe"
Santa Fe,New Mexico,Bob Strong & His Orchestra,"On the Atchison, Topeka and the Santa Fe"
Santa Fe,New Mexico,Tommy Dorsey & His Orchestra,"On the Atchison, Topeka and the Santa Fe"
Santa Fe,New Mexico,Sally Martin,"On the Atchison, Topeka, And the Santa Fe"
Santa Fe,New Mexico,Brian Houser,Santa Fe Trail
Santa Fe,New Mexico,Peggy Herman,"On the Atchison, Topeka and the Santa Fe/I Thought About You"
Santa Fe,New Mexico,The Pied Pipers,"On the Atchison, Topeka, And the Santa Fe"
Santa Fe,New Mexico,Leslie Anderson,"On the Atchison, Topeka and the Santa Fe"
Santa Fe,New Mexico,Eminem,Darkness
Santa Fe,New Mexico,Jordan Davis,So Do I
Santa Fe,New Mexico,Thalía,Acción Y Reacción
Santa Fe,New Mexico,Norah Jones,Dreamgirl
Santa Fe,New Mexico,Cody Johnson,Texas Kind Of Way
Santa Fe,New Mexico,Lynn Anderson,Best Kept Secret in Santa Fe
Santa Fe,New Mexico,Santa Fe Klan,Real
Santa Fe,New Mexico,Cisco Houston,The Killer
Santa Fe,New Mexico,Iron & Wine,New Mexico's No Breeze
Santa Fe,New Mexico,Chamberlain,Santa Fe
Santa Fe,New Mexico,Baby K,Licenza di uccidere
Santa Fe,New Mexico,Matt Stell ,Everywhere But On
Santa Fe,New Mexico,MC Davo,Desde Cero
Santa Fe,New Mexico,Mother Love Bone,Mr. Danny Boy
Santa Fe,New Mexico,"Erik Friedlander, Joyce Hammann, Laura Seaton, Lawrence Yurman, Paul Woodiel, Susan Lorentsen, Stephanie Baer",Finale
Santa Fe,New Mexico,Eilen Jewell,Santa Fe
Santa Fe,New Mexico,The Reverend Horton Heat,Spooky Boots
Santa Fe,New Mexico,Unlinked Artist,Finale
Santa Fe,New Mexico,Alexandre Belliard,Francois xavier aubry
Santa Fe,New Mexico,Cast,Finale
Santa Fe,New Mexico,Marty Brown,Freight Train
Santa Fe,New Mexico,Neon Blonde,Chandeliers and Vines
Santa Fe,New Mexico,Jonathan Larson,Finale A
Santa Fe,New Mexico,Clover,Santa Fe
Santa Fe,New Mexico,Los Auténticos Decadentes,Amanecer
Santa Fe,New Mexico,Jorge & Mateus,Do Brasil A Argentina
Santa Fe,New Mexico,Runaway June,Wild West
Santa Fe,New Mexico,Cheat Codes,Follow You
Santa Fe,New Mexico,Amanda Marshall,Never Said Goodbye
Santa Fe,New Mexico,Jon Pardi,Love You from Here
Santa Fe,New Mexico,Santa Fe Klan,Mi Vicio
Santa Fe,New Mexico,Santa Fe Klan,Ya Se Hizo Costumbre
Santa Fe,New Mexico,Santa Fe Klan,Cumbia de la Santa
Santa Fe,New Mexico,"MC Davo, Santa Fe Klan",No Saben
Santa Fe,New Mexico,João Bosco & Vinicius,Do Brasil Pra Argentina
Santa Fe,New Mexico,Santa Fe Klan,Adicción
Santa Fe,New Mexico,George Strait,Amarillo by Morning
Santa Fe,New Mexico,Grateful Dead,Jack Straw
Santa Fe,New Mexico,Grateful Dead,Me & My Uncle
Santa Fe,New Mexico,Hank Snow,I've Been Everywhere [Live]
Santa Fe,New Mexico,Johnny Cash,Joe Bean [Previously Unreleased Track; Bonus Track]
Santa Fe,New Mexico,Garth Brooks,Wild Horses
Santa Fe,New Mexico,Hank Snow,One More Ride
Santa Fe,New Mexico,Merle Haggard,Jimmie the Kid
Santa Fe,New Mexico,Rob McConnell,Cow Cow Boogie
Santa Fe,New Mexico,"Hank Williams, Jr.",California Zephyr
Santa Fe,New Mexico,Neil Young,Albuquerque
Santa Fe,New Mexico,Charlie Daniels,Georgia
Santa Fe,New Mexico,Mel Tormé,Cow Cow Boogie
Santa Fe,New Mexico,Elvis Presley,Hot Dog
Santa Fe,New Mexico,Ella Fitzgerald,Cow Cow Boogie
Santa Fe,New Mexico,Grateful Dead,Me and My Uncle
Santa Fe,New Mexico,Johnny Cash,Joe Bean
Santa Fe,New Mexico,Johnny Cash,One More Ride
Santa Fe,New Mexico,Liberace,Cow Cow Boogie
Santa Fe,New Mexico,Creedence Clearwater Revival,Cross-Tie Walker
Santa Fe,New Mexico,The Rolling Stones,Rip This Joint
Santa Fe,New Mexico,Pearl Jam,Gremmie Out of Control
Santa Fe,New Mexico,The Statler Brothers,The Movies
Santa Fe,New Mexico,Frank Sinatra,Michael and Peter
Santa Fe,New Mexico,Glenn Miller,Cow Cow Boogie/Speech
Santa Fe,New Mexico,Hank Snow,Jimmie the Kid
Santa Fe,New Mexico,Bob Dylan,Tangled Up in Blue [Live]
Santa Fe,New Mexico,The Kingston Trio,Hope You Understand
Santa Fe,New Mexico,Bob Dylan,Billy 4
Santa Fe,New Mexico,ZZ Top,Move Me on Down the Line
Santa Fe,New Mexico,Alice Cooper,Raped and Freezin'
Santa Fe,New Mexico,Jerry Jeff Walker,Public Domain
Santa Fe,New Mexico,Trisha Yearwood,You Can Sleep While I Drive
Santa Fe,New Mexico,The American Band of the Allied Expeditionary Force,Cow Cow Boogie
Santa Fe,New Mexico,Clint Black,There Was Never a Train
Santa Fe,New Mexico,Benny Carter,Cow Cow Boogie
Santa Fe,New Mexico,Alice Cooper,Raped and Freezin' [DVD]
Santa Fe,New Mexico,James Taylor,Enough to Be on Your Way
Santa Fe,New Mexico,Clint Black,There Never Was a Train
Santa Fe,New Mexico,Eagles,Outlaw Man
Santa Fe,New Mexico,Jackson Browne,Midnight Flyer
Santa Fe,New Mexico,Toby Keith,Blue Bedroom
Santa Fe,New Mexico,Jo Stafford,Casey Jones
Santa Fe,New Mexico,Conway Twitty,She Takes Care of Me
Santa Fe,New Mexico,The Ink Spots,Cow Cow Boogie
Santa Fe,New Mexico,Cher,Carousel Man
Santa Fe,New Mexico,The Judds,Cow Cow Boogie
Santa Fe,New Mexico,Ella Fitzgerald,Cow-Cow Boogie
Santa Fe,New Mexico,Lynn Anderson,I've Been Everywhere
Santa Fe,New Mexico,Vince Gill,My Favorite Movie
Santa Fe,New Mexico,Neil Young,Trans Am
Santa Fe,New Mexico,Frank Sinatra,"Hair of Gold, Eyes of Blue"
Santa Fe,New Mexico,Eddy Arnold,Casey Jones (The Brave Engineer)
Santa Fe,New Mexico,Johnny Cash,I've Been Everywhere
Santa Fe,New Mexico,Snoop Dogg,Those Gurlz
Santa Fe,New Mexico,Jason Aldean,Fly Over States
Santa Fe,New Mexico,"Neil Young, Neil Young & Crazy Horse",Ramada Inn
Santa Fe,New Mexico,Joe Bonamassa,Drive
Santa Fe,New Mexico,George Strait,Blue Water
Santa Fe,New Mexico,Giuni Russo,Limonata Cha Cha
Santa Fe,New Mexico,Luciano,Dehnung
Santa Fe,New Mexico,Thees Uhlmann,Katy Grayson Perry
Santa Fe,New Mexico,Whitehorse,Mexico Texaco
Santa Fe,New Mexico,Elton John,Shoulder Holster
Santa Fe,New Mexico,Elton John,Bite Your Lip (Get Up and Dance!)
Santa Fe,New Mexico,Waylon Jennings,Georgia
Santa Fe,New Mexico,John Denver,Me and My Uncle
Santa Fe,New Mexico,Perry Como,My One and Only Heart
Santa Fe,New Mexico,Kidz Bop Kids,Drive By
Santa Fe,New Mexico,Lady Antebellum,Better Man
Santa Fe,New Mexico,Q-Tip,Yah Yah
Santa Fe,New Mexico,Alice Cooper,Raped and Freezin
Santa Fe,New Mexico,Roger Miller,I'd Come Back to Me
Santa Fe,New Mexico,Bing Crosby,There's Nothing That I Haven't Sung About
Santa Fe,New Mexico,Steely Dan,King of the World
Santa Fe,New Mexico,The Weavers,The Gandy Dancer's Ball
Santa Fe,New Mexico,Diamond Rio,She Sure Did Like to Run
Santa Fe,New Mexico,Willie Nelson,I've Been Everywhere
Santa Fe,New Mexico,Frankie Laine,The Gandy Dancer's Ball
Santa Fe,New Mexico,Charley Pride,Nothin' Left But Leavin'
Santa Fe,New Mexico,Madonna,On the Street
Santa Fe,New Mexico,Tex Ritter,Casey Jones
Santa Fe,New Mexico,Asleep at the Wheel,I've Been Everywhere
Santa Fe,New Mexico,Daphne Rubin-Vega,Goodbye Love
Santa Fe,New Mexico,Charlie Byrd,Cow Cow Boogie
Santa Fe,New Mexico,Gary Allan,Adobe Walls
Santa Fe,New Mexico,Tech N9ne,Monster
Santa Fe,New Mexico,Tom Russell,Alkali
Santa Fe,New Mexico,Lonestar,Everything's Changed
Santa Fe,New Mexico,Chris Young,Neon
Santa Fe,New Mexico,Train,Drive By
Santa Fe,New Mexico,Trace Adkins,Between the Rainbows and the Rain
Santa Fe,New Mexico,Frankie Laine,The Gnady Dancer's Ball
Santa Fe,New Mexico,Frankie Laine,Cow-Cow Boogie
Santa Fe,New Mexico,Gene Krupa,Cow Cow Boogie
Santa Fe,New Mexico,John Denver,"Daddy, What's a Train?"
Santa Fe,New Mexico,John Denver,Last Hobo
Santa Fe,New Mexico,Frankie Laine,The Gandy Dancers' Ball
Santa Fe,New Mexico,"DJ Quik, Problem, Candice Boyd, The Game",Rosecrans
Santa Fe,New Mexico,Lonestar,Everything's Changed [Acoustic Version; Bonus Track]
Santa Fe,New Mexico,Ella Mae Morse,Cow Cow Boogie
Santa Fe,New Mexico,Ella Mae Morse,Cow-Cow Boogie
Santa Fe,New Mexico,Ian Dury,Hit Me With Your Rhythm Stick [Bonus Track; Bonus Track]
Santa Fe,New Mexico,Hanson,Finally It's Christmas
Santa Fe,New Mexico,Melissa Etheridge,You Can Sleep While I Drive
Santa Fe,New Mexico,Joe Jackson,King of the World
Santa Fe,New Mexico,Hoyt Axton,Everybody's Going on the Road
Santa Fe,New Mexico,David Lee Roth,Big Train
Santa Fe,New Mexico,Mark Chesnutt,Blame It on Texas
Santa Fe,New Mexico,"Robert Earl Keen, Jr.",Crazy Cowboy Dream
Santa Fe,New Mexico,Jerry Garcia,Casey Jones
Santa Fe,New Mexico,Deana Carter,Angels Working Overtime
Santa Fe,New Mexico,Clay Walker,A Cowboy's Toughest Ride
Santa Fe,New Mexico,Guy Clark,Queenie's Song
Santa Fe,New Mexico,Sara Evans,The Great Unknown
Santa Fe,New Mexico,MC João,Ostentar Superação
Santa Fe,New Mexico,Boxcar Willie,Freightliner Fever
Santa Fe,New Mexico,Gavin DeGraw,Best I Ever Had
Santa Fe,New Mexico,Christophe Maé,Californie
Santa Fe,New Mexico,Christophe Maé,Californie [Acoustic Version]
Santa Fe,New Mexico,Rufus Wainwright,I Don't Know What It Is
Santa Fe,New Mexico,The Gun Club,Goodbye Johnny
Santa Fe,New Mexico,Bowling for Soup,I Can't Stand L.A.
Santa Fe,New Mexico,Animaniacs,Wakko's America
Santa Fe,New Mexico,Eric Johnson,Showdown
Santa Fe,New Mexico,Washboard Sam,Bucket's Got a Hole in It
Santa Fe,New Mexico,Chris LeDoux,Seventeen
Santa Fe,New Mexico,Garth Brooks,Hooked on an 8 Second Ride
Santa Fe,New Mexico,Freddie Slack & His Orchestra,Cow Cow Boogie
Santa Fe,New Mexico,Blind John Davis,Cow Cow Boogie
Santa Fe,New Mexico,Herb Jeffries,Cow Cow Boogie
Santa Fe,New Mexico,Clutch,Open Up the Border
Santa Fe,New Mexico,Confederate Railroad,Between the Rainbows and the Rain
Santa Fe,New Mexico,Chris LeDoux,Between the Rainbows and the Rain
Santa Fe,New Mexico,Rhett Akins,Not in the Cards
Santa Fe,New Mexico,The Flatlanders,After the Storm
Santa Fe,New Mexico,Hayes Carll,My Friends
Santa Fe,New Mexico,David Blue,Outlaw Man
Santa Fe,New Mexico,Billy Squier,Rip This Joint
Santa Fe,New Mexico,Mark Wills,Where Did I Lose You
Santa Fe,New Mexico,La La Land Cast,Another Day Of Sun
Santa Fe,New Mexico,DevilDriver,Outlaw Man
Santa Fe,New Mexico,B-Raster,Vagabundos
Santa Fe,New Mexico,Jim Hall,Cow Cow Boogie
Santa Fe,New Mexico,Joey + Rory,Rodeo
Santa Fe,New Mexico,Ray LaMontagne,Airwaves
Santa Fe,New Mexico,The Reverend Horton Heat,"Yeah, Right"
Santa Fe,New Mexico,Better Than Ezra,Coyote
Santa Fe,New Mexico,Unlinked Artist,Everything's Changed
Santa Fe,New Mexico,Unlinked Artist,You Can Sleep While I Drive
Santa Fe,New Mexico,Joe Dassin,Louisiana
Santa Fe,New Mexico,The Bobs,Signs on the Line
Santa Fe,New Mexico,Sun Kil Moon,I Watched the Film The Song Remains the Same
Santa Fe,New Mexico,Paul McCrane,Miles from Here
Santa Fe,New Mexico,Indochine,Monte Cristo
Santa Fe,New Mexico,Adolar Marin,Paisagem
Santa Fe,New Mexico,João Lucas e Diogo,Hoje Eu Quero Te Amar / Do Brasil a Argentina / Coração na Contramão [Ao Vivo]
Santa Fe,New Mexico,James Reeder,It's Not the Way
Santa Fe,New Mexico,Max Real,Candy Cup (feat. Envy)
Santa Fe,New Mexico,細野晴臣,Cow Cow Boogie
Santa Fe,New Mexico,Kids Learning Tube ,50 States Of America
Santa Fe,New Mexico,Pala,por caballito
Santa Fe,New Mexico,Savak,Green & Desperate
Santa Fe,New Mexico,Crack Family,Drogadicto en Serie
Santa Fe,New Mexico,Nan Vernon,Motorcycle
Santa Fe,New Mexico,Merrill Moore,Cow Cow Boogie
Santa Fe,New Mexico,The Good Life,Inmates
Santa Fe,New Mexico,Martini Ranch,Reach
Santa Fe,New Mexico,Cowboy Jazz,Cow Cow Boogie
Santa Fe,New Mexico,A Change of Pace,I'm Alive
Santa Fe,New Mexico,Coroner,Caveat (To the Comming)
Santa Fe,New Mexico,C Company,Battle Hymn of Lt. Calley
Santa Fe,New Mexico,Original Broadway Cast,On the Street
Santa Fe,New Mexico,Byron Utley,Voice Mail #5
Santa Fe,New Mexico,Kara Lindsay,Something To Believe In
Santa Fe,New Mexico,Santa Fe Klan,De la Calle Somos
Santa Fe,New Mexico,Santa Fe Klan,Un Loco Enamorado
Santa Fe,New Mexico,Santa Fe Klan,Familia
Santa Fe,New Mexico,Fito Páez,La Casa Desaparecida
Santa Fe,New Mexico,"Gera MX, Santa Fe Klan",Si Nos Quieren Bien
Santa Fe,New Mexico,MC Dedê,Mlk Deslumbrante
Santa Fe,New Mexico,Santa Fe Klan,En Espera
Santa Fe,New Mexico,John Wiggins,New Mexico
Santa Fe,New Mexico,Wayne Hancock,Freight Line Blues
Santa Fe,New Mexico,Paula West,Cow Cow Boogie
Santa Fe,New Mexico,Blue Meanies,She Breathes Fire
Santa Fe,New Mexico,Deadman,The Pale Rider
Santa Fe,New Mexico,Sue Keller,Cow Cow Boogie
Santa Fe,New Mexico,KJ-52,Nursery Rhymes
Santa Fe,New Mexico,Eden Atwood,Cow Cow Boogie
Santa Fe,New Mexico,Gathering Field,Bound to Be
Santa Fe,New Mexico,Tony Carey,The First Day of Summer [Bonus Track]
Santa Fe,New Mexico,Patricio Manns,Arriba en la Cordillera
Santa Fe,New Mexico,Dan Auerbach,When I Left the Room
Santa Fe,New Mexico,Deadman,Rosa Marie
Santa Fe,New Mexico,Original Broadway Cast,Goodbye Love
Santa Fe,New Mexico,Escondido,Rodeo Queen
Santa Fe,New Mexico,Ian Dury & the Blockheads,Hit Me With Your Rhythm Stick
Santa Fe,New Mexico,Shovels & Rope,C'mon Utah!
Santa Fe,New Mexico,Daphne Loves Derby,Cue the Sun!
Santa Fe,New Mexico,Kathleen Edwards,Change the Sheets
Santa Fe,New Mexico,Emicida,I Love Quebrada
Santa Fe,New Mexico,Morgan Wallen,Chasin' You
Santa Fe,New Mexico,Unlinked Artist,Blame It on Texas
Santa Fe,New Mexico,Freddie Slack,Cow Cow Boogie
Santa Fe,New Mexico,The Les Humphries Singers,Kansas City
Santa Fe,New Mexico,Freddie Slack,Cow-Cow Boogie
Santa Fe,New Mexico,Renald Francoeur,Tour The States
Santa Fe,New Mexico,"Santa Fe Klan, Lalo Kv",La Calavera
Santa Fe,New Mexico,The Nields,Georgia O
Santa Fe,New Mexico,Golden Smog,All the Same to Me
Santa Fe,New Mexico,Heather Myles,Untamed
Santa Fe,New Mexico,Cyndi Thomson,There Goes the Boy
Santa Fe,New Mexico,Dakota Moon,Looking for a Place to Land
Santa Fe,New Mexico,Joe Loss,Cow Cow Boogie
Santa Fe,New Mexico,Popinjays,Drive the Train
Santa Fe,New Mexico,Royal Trux,You'll Be Staying in Room 323
Santa Fe,New Mexico,Naked,Headlights
Santa Fe,New Mexico,Ian Dury & the Blockheads,Hit Me with Your Rhythm Stick
Santa Fe,New Mexico,Los Nocheros,Merceditas
Santa Fe,New Mexico,Oscar Chávez,Merceditas
Santa Fe,New Mexico,The Moody Brothers,Midnight Flyer
Santa Fe,New Mexico,Carlton Moody,Midnight Flyer
Santa Fe,New Mexico,Kimberly Caldwell,Sleep While I Drive
Santa Fe,New Mexico,Connie Conway,I'm Gonna Leave
Santa Fe,New Mexico,Michel Jonasz,POLE OUEST
Santa Fe,New Mexico,Hubert-Félix Thiéfaine,ROOTS ET DEROUTES PLUS CROISEMENT
Santa Fe,New Mexico,Bilderbuch,Erzähl deinen Mädels ich bin wieder in der Stadt
Santa Fe,New Mexico,"Santa Fe Klan, Free Stayla",Adicto A Ti
Santa Fe,New Mexico,Santa Fe Klan,Hip Hop (Caminaré)
Santa Fe,New Mexico,Santa Fe Klan,Diente por Diente
Santa Fe,New Mexico,"Dharius, C-Kan, Gera MX, Neto Peña, Santa Fe Klan",Todos En La Cuadra Bien Locos
Santa Fe,New Mexico,"Santa Fe Klan, Free Stayla",Adicto por Ti
Santa Fe,New Mexico,Santa Fe Klan,De Pies a Cabeza
Santa Fe,New Mexico,"Santa Fe Klan, Sid MSC",Marihuana
Santa Fe,New Mexico,Santa Fe Klan,De Pies a Cabeza [Live]
Santa Fe,New Mexico,Mina,Another Day Of Sun
Santa Fe,New Mexico,"Santa Fe Klan, Toser One",Yo Seguiré
Santa Fe,New Mexico,Santa Fe Klan,Mi Guanajuato
Santa Fe,New Mexico,Time,Newstalgia
Santa Fe,New Mexico,Juan Ingaramo,Cuartefunk
Santa Fe,New Mexico,Freeze Corleone,Welcome to the party (freestyle)
Santa Fe,New Mexico,"Big Stan, Santa Fe Klan",Entre El Bien y El Mal
Santa Fe,New Mexico,"Santa Fe Klan, Zxmyr",No Me Arrepiento
Santa Fe,New Mexico,"Santa Fe Klan, B-Raster",Pa la Guerra
Santa Fe,New Mexico,Betty Elders,Silver Wheels
Santa Fe,New Mexico,The Blue Saracens,Cow Cow Boogie
Santa Fe,New Mexico,Nobodys,Untitled Track
Santa Fe,New Mexico,Blue Moon,Cow Cow Boogie
Santa Fe,New Mexico,Eight to the Bar,Cow Cow Boogie
Santa Fe,New Mexico,Los Pistoleros,Cow Cow Boogie
Santa Fe,New Mexico,Nancy Nelson,Cow-Cow Boogie
Santa Fe,New Mexico,The Rimshots,Cow Cow Boogie
Santa Fe,New Mexico,León Gieco,Girasoles Amarillos
Santa Fe,New Mexico,Lannie Garrett,Cow Cow Boogie
Santa Fe,New Mexico,"Clementino, Claudia Megrè",E Già Mi Sento In Vacanza
Santa Fe,New Mexico,Ella Fitzgerald & Her Famous Orchestra,Cow Cow Boogie
Santa Fe,New Mexico,Bambi & Boys,Cow Cow Boogie
Santa Fe,New Mexico,Johannes Fehring & His Orchestra,Cow Cow Boogie
Santa Fe,New Mexico,Les Humphries,Mexico
Santa Fe,New Mexico,Les Humphries,Kansas City
Santa Fe,New Mexico,Harry Farmer,The Gandy Dancers Ball
Santa Fe,New Mexico,Mike Costley,Cow Cow Boogie
Santa Fe,New Mexico,La Portuaria,Amanece en La Ciudad
Santa Fe,New Mexico,Almafuerte,Ruben Patagonia
Santa Fe,New Mexico,Gary Bass,Cow Cow Boogie
Santa Fe,New Mexico,Andy Williams,So Rare
Santa Fe,New Mexico,The Seabellies,Am I Ever Gonna See Your Face Again
Santa Fe,New Mexico,We Are Harlot,Love For the Night
Santa Fe,New Mexico,Alex Bevan,Rodeo Rider
Santa Fe,New Mexico,Hubert-Félix Thiéfaine,FIEVRE RESURRECTIONNELLE
Santa Fe,New Mexico,Chano,Juan Del Barrio San José
Santa Fe,New Mexico,Anvil,Runaway Train
Santa Fe,New Mexico,Samra,Gebet
Santa Fe,New Mexico,Porches,Fog Dog
Santa Fe,New Mexico,Avalanch,Pelayo
Santa Fe,New Mexico,Grupo Raça,Se Me Chamar Eu Vou
Santa Fe,New Mexico,"Diomedes Chinaski, Sagaz das Atalaias",Santa Nota
Santa Fe,New Mexico,Freddie Méndez,Misterios Gozosos
Santa Fe,New Mexico,Orishas,Stress
Santa Fe,New Mexico,Mägo de Oz,La Cantata del Diablo (Missit Me Dominus)
Santa Fe,New Mexico,Mägo de Oz,La Cantata del diablo [Live]
Santa Fe,New Mexico,Chancho en Piedra,Lassio
Santa Fe,New Mexico,ProfJam,Finais
Santa Fe,New Mexico,Tierra Santa,Tierra Santa
Santa Fe,New Mexico,Tomatito,Mi Santa
Santa Fe,New Mexico,Andrea Fontes,"Seja Santa, Oh Igreja"
Santa Fe,New Mexico,"Filipe Ret, MC Cabelinho, Dallass",Favela
Santa Fe,New Mexico,Padre Fábio De Melo,Glória A Jesus Na Hóstia Santa/ Queremos Deus
Santa Fe,New Mexico,"Emicida, Rappin' Hood",Da Estação São Bento Ao Metrô Santa Cruz
Santa Fe,New Mexico,Arlindo Cruz,Iansã / Oyá
Santa Fe,New Mexico,Beth Carvalho,Da Melhor Qualidade/Padroeira/O Sonho ão Acabou/Goiabada Cascão/Malandro Sou Eu
Santa Fe,New Mexico,Lucero,Mi Virgen Santa
Santa Fe,New Mexico,Lucero,Mi Virgen Santa [Version Banda]
Santa Fe,New Mexico,Gilberto Gil,Guerra Santa
Santa Fe,New Mexico,Juan Gabriel,La Mujer Que Yo Amo
Santa Fe,New Mexico,Djonga,Ladrão [Album]
Santa Fe,New Mexico,1Kilo,Velocidade Maxima
Santa Fe,New Mexico,Pineapple StormTv,Poetas No Topo 3.2
Santa Fe,New Mexico,Atentado Napalm,Resplendor Final
Santa Fe,New Mexico,Pollo,Pirituba City
Santa Fe,New Mexico,Wilian Nascimento,Unção de Elizeu
Santa Fe,New Mexico,"Pedro Luís, Ney Matogrosso,  Batman Zavareze",Pregos Na Garganta
Santa Fe,New Mexico,"Padre Fábio De Melo, Fagner",Perfeita Contradição
Santa Fe,New Mexico,Raffa Moreira,Eu Hoje
Santa Fe,New Mexico,Beth Carvalho,Padroeira
Santa Fe,New Mexico,Miguel Morales,Acompáñame
Santa Fe,New Mexico,Silvio Rodríguez,Sinuhé
Santa Fe,New Mexico,Roberto Carlos,Todas As Nossas Senhoras
Santa Fe,New Mexico,Rubén Blades,Como Nosotros (Like You and Me)
Santa Fe,New Mexico,Sphinx,Santa Maldad
Santa Fe,New Mexico,Joanna,A Padroeira
Santa Fe,New Mexico,"Nego Do Borel, DJ Gabriel Do Borel, Luck Muzik , Meno Tody",Vida de Bacana
Santa Fe,New Mexico,"Juanka, Joyce Santana, Osquel, Brray, Marvel Boy",Grandpa [Remix]
Santa Fe,New Mexico,MV Bill,Sem Esquecer as Favelas
Santa Fe,New Mexico,Amaral,Soledad
Santa Fe,New Mexico,Chico Buarque,Linha de Montagem
Santa Fe,New Mexico,Maria Bethânia,"Maria Bethânia, a Menina Dos Olhos de Oyá"
Santa Fe,New Mexico,Ednita Nazario,Isla Bendita
Santa Fe,New Mexico,"Dheformer, Ciclo",Hotel Ruanda
Santa Fe,New Mexico,Meno Tody,Bailão
Santa Fe,New Mexico,ARAUTOS DO REI,A LEI DE DEUS
Santa Fe,New Mexico,Cassiane,Chuva de Fogo
Santa Fe,New Mexico,G.R.E.S Acadêmicos De Santa Cruz,"No Vôo Mágico Da Esperança, Quem Acredita Sempre Alcança"
Santa Fe,New Mexico,La Santa Grifa,Un Santo Grifo Nunca Muere
Santa Fe,New Mexico,"The English Beat, Dave Wakeling",Dem Call It Ska
Santa Fe,New Mexico,Carlos Vives,Décimas
Santa Fe,New Mexico,Roberto Carlos,Nossa Senhora
Santa Fe,New Mexico,Pusho,Tienen Que Soportarte
Santa Fe,New Mexico,"Negra Li, MC Hariel, Pineapple StormTv, MC Kevin o Chris, Vitão",Poesia Acústica #7: Céu Azul
Santa Fe,New Mexico,"Negra Li, MC Hariel, Pineapple StormTv, MC Kevin o Chris, Vitão",Poesia Acústica #7: Céu Azul [Ao Vivo]
Santa Fe,New Mexico,"Santa RM, Gera MX",Sin Darme Cuenta
Santa Fe,New Mexico,Ivan Lins,Bandeira do Divino
Santa Fe,New Mexico,Mägo de Oz,El Angel Caído
Santa Fe,New Mexico,Fabri Fibra,666GAP
Santa Fe,New Mexico,Katinguele,Partido Do Katinguelê
Santa Fe,New Mexico,Marisa Monte,Rosa
Santa Fe,New Mexico,Pixinguinha (Alfredo Vianna),Rosa
Santa Fe,New Mexico,Padre Reginaldo Manzotti,Nossa Senhora
Santa Fe,New Mexico,Tacy de Campos,Babel
Santa Fe,New Mexico,Pala,Remember
Santa Fe,New Mexico,Guilherme Lacerda,O Trem Que Foi do Jaçanã
Santa Fe,New Mexico,Mauricio Pito,O Trem Que Foi do Jaçanã
Santa Fe,New Mexico,Pablo Martins,Vai Além
Santa Fe,New Mexico,Orishas,Canto Para Elewa Y Chango
Santa Fe,New Mexico,Mónica Naranjo,Holocausto
Santa Fe,New Mexico,Banda Giom,Santa Ceia
Santa Fe,New Mexico,Ariely Bonatti,Alerta
Santa Fe,New Mexico,Roberta Miranda,Nossa Senhora
Santa Fe,New Mexico,Haikaiss,De Onde Estou
Santa Fe,New Mexico,Rael,Bença Mãe
Santa Fe,New Mexico,Fabio Brazza,Chamado
Santa Fe,New Mexico,"Felp22, MC Cabelinho",Não Volto
Santa Fe,New Mexico,"Daniela Araújo, Dominico Gonzalez, Kev Miranda",Party Love
Santa Fe,New Mexico,"Emicida,  Cohen",Eu Gosto Dela
Santa Fe,New Mexico,Tempo,Los Tiempos Finales
Santa Fe,New Mexico,"1Kilo, Piruka",Já Se Passou Tudo
Santa Fe,New Mexico,Emicida,Pra Mim (Isso É Viver)
Santa Fe,New Mexico,"Baco Exu do Blues, Gabz",Nada Vai Nos Parar
Santa Fe,New Mexico,"Doble Porción, Granuja",Quién Pidió Pollo
Santa Fe,New Mexico,Divididos,Nino Hereje
Santa Fe,New Mexico,Charlie Brown Jr.,A Banca
Santa Fe,New Mexico,Marcos Witt,Santa La Noche
Santa Fe,New Mexico,Marco Paulo,Nossa Senhora
Santa Fe,New Mexico,Jesús Adrián Romero,Cerca de Ti
Santa Fe,New Mexico,"Acadêmicos Do Tucuruvi, Alex Soares","Celebrando A Religiosidade, Tucuruvi Canta As Festas De Fé"
Santa Fe,New Mexico,"Royce Do Cavaco, X-9 Paulistana",Açaí Guardiã! Do Amor De Laçã Ao Esplendor De Belém Do Pará
Santa Fe,New Mexico,Chitãozinho & Xororó,Nossa Senhora
Santa Fe,New Mexico,"Redimi2, El Leo",Quien Contra MI
Santa Fe,New Mexico,Cidinho & Doca,Rap Da Felicidade
Santa Fe,New Mexico,"Wander Pires, G.R.E.S. Mocidade Independente De Padre Miguel",Namastê.. A Estrela Que Habita Em Mim Saúda A Que Existe Em Você
Santa Fe,New Mexico,"Papatinho, MC Cabelinho, MODE$TIA, Yoka",Sem convite
Roswell,New Mexico,Pitchshifter,Hangar 84
Roswell,New Mexico,Hypocrisy,Roswell 47
Roswell,New Mexico,"Haikaiss, Mussa",Raptiliano
Roswell,New Mexico,Marteria,Roswell
Roswell,New Mexico,Un Autre Seb,Instants de Solitude
Roswell,New Mexico,Royal Trux,Roswell Seeds and Stems
Roswell,New Mexico,Will Smith,Men in Black
Roswell,New Mexico,Elton John,"Look Ma, No Hands"
Roswell,New Mexico,Sheryl Crow,Maybe Angels
Roswell,New Mexico,"Nature, Noreaga, Nas",Triple Threat
Roswell,New Mexico,Chevelle,Roswell's Spell
Roswell,New Mexico,Super Furry Animals,Motherfokker
Roswell,New Mexico,MC Solaar,Da Vinci Claude
Roswell,New Mexico,Canibus,100 Bars
Roswell,New Mexico,MC Solaar,Cash Money
Roswell,New Mexico,Killah Priest,Gotta Eat
Roswell,New Mexico,Unlinked Artist,Men in Black
Roswell,New Mexico,"Kollegah, Favorite",Kaputt gemacht [Remastered]
Roswell,New Mexico,Mondo Generator,Dead Insects
Roswell,New Mexico,Sunz of Man,For the Lust of Money/The Grandz
Roswell,New Mexico,Half-A-Mill,Fires in Hell
Roswell,New Mexico,MC Lars,Yes I Am an Alien
Roswell,New Mexico,Killah Priest,Want Peace
Roswell,New Mexico,Nerf Herder,Life on Mars
Roswell,New Mexico,Bad Books,"Mesa, AZ"
Roswell,New Mexico,Tragedy Khadafi,Gengis Khan
Roswell,New Mexico,Foreign Legion,Nowhere to Hide
Roswell,New Mexico,Phunk Junkeez,The Quest
Roswell,New Mexico,Jesse Dangerously,Psl Ilu (Pumpkin Spice Illuminatte Remix)
Roswell,New Mexico,Grems,Michael
Roswell,New Mexico,Salmo,Space Invaders
Roswell,New Mexico,MezzoSangue,God Bless Ignorance
